통계표,계정항목,단위,가중치,변환,Dec-24,Jan-25,Feb-25,Mar-25,Apr-25,May-25,Jun-25,Jul-25,Aug-25,Sep-25,Oct-25,Nov-25,Dec-25
4.2.1. 소비자물가지수,총지수,2020=100,1000,원자료,114.91,115.71,116.08,116.29,116.38,116.27,116.31,116.52,116.45,117.06,117.42,117.2,117.57
4.2.1. 소비자물가지수,식료품 및 비주류음료,2020=100,142,원자료,123.61,125.13,126.45,127.26,126.48,124.78,124.74,125.75,128.96,128.82,128.88,127.08,128.01
4.2.1. 소비자물가지수,식료품,2020=100,132.3,원자료,123.52,125.02,126.51,127.28,126.44,124.7,124.48,125.46,128.94,128.83,128.79,126.84,127.84
4.2.1. 소비자물가지수,빵 및 곡물,2020=100,22.3,원자료,121.15,121.33,122.29,123.16,124.31,124.5,125.42,126.4,126.92,127.88,129.46,129.41,129.22
4.2.1. 소비자물가지수,쌀,2020=100,4.2,원자료,99.38,98.77,99.88,100.89,102.05,102.76,104.69,107.93,109.69,113.98,120.31,118.42,117.5
4.2.1. 소비자물가지수,현미,2020=100,0.4,원자료,108.51,110.31,112.22,115.14,117.94,118.8,120.86,127.22,129.39,131.81,133.99,132.44,130.29
4.2.1. 소비자물가지수,찹쌀,2020=100,0.5,원자료,111.3,115.73,118.11,122.83,127.56,128.47,134.26,141.9,145.12,148.16,147.41,140.52,135.87
4.2.1. 소비자물가지수,보리쌀,2020=100,0.2,원자료,158.42,162.71,166.69,170.12,174.8,176.72,178.22,184.96,190.76,194.95,197.52,198.51,198.34
4.2.1. 소비자물가지수,콩,2020=100,0.5,원자료,106.63,106.68,106.89,107.57,107.83,106.93,106.96,108.06,108.54,108.23,108.91,108.63,107.31
4.2.1. 소비자물가지수,땅콩,2020=100,0.1,원자료,120.44,120.92,121.67,121.58,121.27,122.16,122.38,122.46,122.73,122.81,122.33,121.1,120.71
4.2.1. 소비자물가지수,혼식곡,2020=100,0.4,원자료,111.97,113.83,116.47,117.77,118.75,118.72,120.2,120.25,119.66,119.67,120.19,120.9,120.21
4.2.1. 소비자물가지수,밀가루,2020=100,0.1,원자료,137.43,134.59,135.15,135.44,136.04,134.87,135.38,135.71,135.68,136.12,135.33,135.57,137.85
4.2.1. 소비자물가지수,국수,2020=100,0.7,원자료,159.49,156.99,157.66,153.3,154.19,151.12,148,145.87,146.07,145.65,153.19,153.95,152.66
4.2.1. 소비자물가지수,라면,2020=100,2.4,원자료,119.17,118.96,119.05,118.65,123.54,124.64,125.6,123.92,123.82,125.5,126.87,127.13,127.55
4.2.1. 소비자물가지수,당면,2020=100,0.2,원자료,138.8,135.41,135,134.63,136.48,136.76,136.55,137.72,137,137.9,129.67,135.64,135.57
4.2.1. 소비자물가지수,두부,2020=100,1.2,원자료,117.86,116.82,117.12,110.36,110.91,110.98,110.36,111.01,110.16,109.93,110.13,109.36,108.28
4.2.1. 소비자물가지수,시리얼,2020=100,0.4,원자료,126.17,136.8,126.24,131.9,133.32,123.64,140.26,141.95,138.53,118.04,117.08,131.74,143.32
4.2.1. 소비자물가지수,부침가루,2020=100,0.6,원자료,145.07,142.36,143.73,145.15,143.95,145.51,143.99,143.63,143.7,144.72,137.16,143.95,143.7
4.2.1. 소비자물가지수,케이크,2020=100,1.6,원자료,126.52,128.54,128.61,130.78,130.78,131.57,131.56,131.56,131.59,131.87,131.92,131.93,131.94
4.2.1. 소비자물가지수,빵,2020=100,6.8,원자료,134.32,134.32,136.42,138.38,138.45,138.48,138.52,138.55,138.61,138.65,138.68,138.71,138.72
4.2.1. 소비자물가지수,떡,2020=100,1.9,원자료,121.93,122.11,122.36,123.35,123.88,124.18,124.4,124.95,125.45,125.81,126.33,127.43,127.9
4.2.1. 소비자물가지수,파스타면,2020=100,0.1,원자료,133.4,132.49,131.89,131.37,133.55,131.48,132.66,131.91,133.55,128.64,133.74,131.56,133.2
4.2.1. 소비자물가지수,육류,2020=100,28.6,원자료,118.74,119.72,118.1,117.55,118.69,120.63,121.95,122.19,124.61,124.76,125.69,123.03,124.07
4.2.1. 소비자물가지수,국산쇠고기,2020=100,8.6,원자료,105.92,108.35,107.58,104.52,105.19,104.65,103.48,104.43,105.93,107.64,109.84,109.26,111.13
4.2.1. 소비자물가지수,수입쇠고기,2020=100,3.1,원자료,133.96,137.33,137.21,138.23,135.7,135.17,135.68,132.49,133.01,135.36,138.37,140.81,144.65
4.2.1. 소비자물가지수,돼지고기,2020=100,9.8,원자료,123.68,123.11,119.26,117.82,121.5,125.73,129.93,132.22,136.64,136.35,135.98,129.94,129.12
4.2.1. 소비자물가지수,닭고기,2020=100,1.5,원자료,125.33,128.52,128.95,129.17,131.17,134.48,134.75,132.83,133.94,132.67,130.84,129.77,128.83
4.2.1. 소비자물가지수,소시지,2020=100,2,원자료,116.17,113.67,112.54,114.85,114.89,121.23,120.42,119.15,121.97,119.56,120.6,115.03,119.07
4.2.1. 소비자물가지수,햄및베이컨,2020=100,2.7,원자료,116.71,117.56,117.23,122.92,121.28,122.64,125.15,122.86,124.3,121.4,124.07,120.64,120.49
4.2.1. 소비자물가지수,기타육류가공품,2020=100,0.9,원자료,132.09,132.5,132.71,134.85,135.07,134.51,135.8,133.09,133.36,133.24,127.64,130.84,133.61
4.2.1. 소비자물가지수,어류 및 수산,2020=100,13,원자료,114.86,115.53,116.78,117.55,118.1,118.35,119.88,119.3,119.54,118.89,118.99,120.66,122.27
4.2.1. 소비자물가지수,갈치,2020=100,1.1,원자료,103.12,104.52,108.3,110.01,110.63,108.04,110.44,112.22,115.18,108.21,107.7,112.46,115.2
4.2.1. 소비자물가지수,명태,2020=100,0.7,원자료,108.85,109.53,109.57,109.82,110.56,109.74,110.99,110.66,107.81,110.8,105.28,110.25,110.2
4.2.1. 소비자물가지수,조기,2020=100,0.9,원자료,108.59,108.29,110.48,110.99,113.61,115.47,118.94,121.39,122.66,122.99,126.87,127.76,129.64
4.2.1. 소비자물가지수,고등어,2020=100,2,원자료,121.26,121.41,123.41,126.99,127.73,128.27,131.76,127.18,129.63,127.15,128.64,133.25,134.73
4.2.1. 소비자물가지수,오징어,2020=100,1,원자료,123.57,127.31,131.39,133,131.76,131.72,131.69,130.9,128.24,128.44,131.35,129.55,131.21
4.2.1. 소비자물가지수,게,2020=100,0.9,원자료,95.7,96.78,94.75,95.55,96.27,96.85,98.1,97.54,97.3,94.98,94.37,94.79,96.6
4.2.1. 소비자물가지수,굴,2020=100,0.4,원자료,143.2,130.12,125.29,115.67,116.04,115.95,117.72,117.07,117.56,116.7,114.46,127.6,135.07
4.2.1. 소비자물가지수,조개,2020=100,0.6,원자료,120.02,120.86,120.21,118.71,118.02,116.38,115.81,114.49,115.57,116.22,117.92,120.81,124.91
4.2.1. 소비자물가지수,전복,2020=100,0.5,원자료,94.27,92.61,93.2,90.41,90.14,87.66,88.94,87.85,86.8,86.78,86.25,85.27,86.82
4.2.1. 소비자물가지수,새우,2020=100,0.7,원자료,115.86,119.82,122.32,122.48,122.28,122.3,123.39,121.94,122.47,124.47,123.84,121.49,122.56
4.2.1. 소비자물가지수,마른멸치,2020=100,0.5,원자료,111.63,110.73,111.4,111.09,110.82,111.73,110.85,111.18,110.99,111.39,110.92,110.57,110.71
4.2.1. 소비자물가지수,마른오징어,2020=100,0.2,원자료,122.48,122.31,123.62,124.37,124.28,124.72,125.25,126.7,125.64,125.65,124.27,124.71,124.95
4.2.1. 소비자물가지수,낙지,2020=100,0.5,원자료,113.61,114.8,115.13,115.4,115.77,114.28,116.25,117.68,118.71,119.09,118.67,119.37,120.33
4.2.1. 소비자물가지수,오징어채,2020=100,0.2,원자료,120.79,124.01,131.84,144.8,151.54,157.05,157.2,154.09,152.82,152.19,150.69,149.91,150.18
4.2.1. 소비자물가지수,북어채,2020=100,0.4,원자료,118.66,118.15,118.36,119.3,119.31,117.17,119.6,119.25,120.6,120.69,120.11,125.56,131.78
4.2.1. 소비자물가지수,어묵,2020=100,0.8,원자료,124.2,126,127.79,124.24,124.49,129.82,130.52,130.83,128.38,129.91,128.74,126.67,127.75
4.2.1. 소비자물가지수,맛살,2020=100,0.2,원자료,135.62,135.76,132.49,136.63,139.13,139.83,142.99,143.26,141.36,141.93,138.96,142.72,143.62
4.2.1. 소비자물가지수,수산물통조림,2020=100,0.7,원자료,121.99,122.43,122.56,122.4,122.97,123.78,123.6,123.37,122.77,123.76,124.09,124,123.64
4.2.1. 소비자물가지수,젓갈,2020=100,0.7,원자료,104.77,106.99,107.35,110.57,111.24,112.42,113.4,114.19,114.73,115,115.2,113.76,113.08
4.2.1. 소비자물가지수,"우유, 치즈 및 계란",2020=100,9.6,원자료,126.91,126.6,126.39,126,127.17,128.69,130.33,131.2,131.16,131.67,131.12,130.98,130.96
4.2.1. 소비자물가지수,우유,2020=100,3.4,원자료,124.07,123.96,124.11,123.61,124.12,124.11,124.25,124.19,124.36,124.34,124.41,124.23,124.26
4.2.1. 소비자물가지수,분유,2020=100,0.5,원자료,109.15,108.91,109.6,109.69,109.63,109.67,113.97,112.34,111.83,111.47,111.44,112.59,114.01
4.2.1. 소비자물가지수,치즈,2020=100,0.7,원자료,139.47,141.07,139.97,140.63,137.48,141.33,143.9,142.33,142.91,143.17,144.46,145.28,145.3
4.2.1. 소비자물가지수,발효유,2020=100,2,원자료,124.04,123.65,123.38,123.19,122.63,125.35,126.74,128.91,127.83,129.41,127.93,127.5,127.83
4.2.1. 소비자물가지수,달걀,2020=100,3,원자료,134.37,133.29,132.71,131.93,136.98,139.36,142.49,144.79,145.31,145.9,144.62,144.25,143.52
4.2.1. 소비자물가지수,식용유지,2020=100,1.4,원자료,168.5,166.74,168.22,165.62,166.21,161.76,159.86,156.09,158.49,159,155.5,157.5,153.67
4.2.1. 소비자물가지수,참기름,2020=100,0.6,원자료,152.92,152.82,152.53,150.95,152.41,151.53,150.63,151.44,151.95,150.73,149.44,151.86,152.16
4.2.1. 소비자물가지수,식용유,2020=100,0.8,원자료,181.25,177.92,181.08,177.52,177.28,169.49,166.63,158.54,162.72,164.87,159.31,160.88,153.16
4.2.1. 소비자물가지수,과일,2020=100,15.6,원자료,140.04,145.64,153.4,157.51,154.02,147.98,146.92,149.38,154.33,148.13,146,137.04,147.2
4.2.1. 소비자물가지수,사과,2020=100,2.3,원자료,133.29,146.96,160.01,165.91,167.2,167.81,169.5,172.93,179.5,166.57,161.61,160.73,159.36
4.2.1. 소비자물가지수,배,2020=100,0.7,원자료,154.22,177,188.44,190.06,191.32,182.17,178.05,169.04,153.34,132.03,133.78,127.46,128.88
4.2.1. 소비자물가지수,복숭아,2020=100,1,원자료,136.63,141.93,150.12,151.52,148.41,141.48,139.82,152.36,158.58,162.68,161.17,150.2,148.67
4.2.1. 소비자물가지수,포도,2020=100,1.4,원자료,125.02,125.85,125.44,126.95,117,111.85,112.75,145.19,149.4,132.63,127.53,127.26,128.25
4.2.1. 소비자물가지수,밤,2020=100,0.2,원자료,115.64,113.69,115,115.98,116.84,117.78,117.73,117.81,118.28,115.62,111.17,111.52,111.97
4.2.1. 소비자물가지수,감,2020=100,0.5,원자료,106.34,112.06,116.51,122.12,121.59,121.29,122.4,123.21,123.03,122.8,129.64,107.18,109.01
4.2.1. 소비자물가지수,귤,2020=100,1.8,원자료,170.13,202.55,260.26,285.5,279.54,266.58,263.71,262.07,271.44,259.37,249.96,205.05,195.9
4.2.1. 소비자물가지수,오렌지,2020=100,0.4,원자료,104.22,134.92,132.76,119,109.97,110.38,110.12,109.38,113.17,108.2,107.26,99.86,98.96
4.2.1. 소비자물가지수,참외,2020=100,1,원자료,95.2,98.63,103.39,151.82,159.41,110.2,105.9,91.23,103.3,98.78,98.7,92.5,91.73
4.2.1. 소비자물가지수,수박,2020=100,1,원자료,138.86,144.18,152.44,153.71,150.58,153.25,138.06,154.87,176.93,169.66,168.1,156.46,155
4.2.1. 소비자물가지수,딸기,2020=100,1.5,원자료,217.32,191.02,161.58,130.95,106.59,102.73,101.54,100.99,104.51,99.75,98.75,91.96,198.38
4.2.1. 소비자물가지수,바나나,2020=100,0.8,원자료,105.79,100.78,107.99,112.59,116.73,115.53,117.34,112.69,109.27,114.13,115.6,111.61,112.24
4.2.1. 소비자물가지수,키위,2020=100,0.4,원자료,116.26,116.62,119.75,120.47,123.33,125.09,126.19,125.07,127.65,129.93,133.63,136.35,137.44
4.2.1. 소비자물가지수,블루베리,2020=100,0.4,원자료,134.61,134.82,135.15,134.56,135.45,136.43,135.86,135.39,136.49,137.53,139.39,141.49,142.43
4.2.1. 소비자물가지수,망고,2020=100,0.4,원자료,122.18,121.62,109.91,92.17,86.45,85.18,86.46,93.23,106.03,128.16,129.68,129.73,130.96
4.2.1. 소비자물가지수,체리,2020=100,0.3,원자료,135.8,117.08,98.89,99.87,97.79,93.11,115.63,87.63,84.49,80.83,80.11,74.61,117.14
4.2.1. 소비자물가지수,아보카도,2020=100,0.1,원자료,109.03,106.98,111.89,121.97,121.95,105.75,106.63,94.17,89.18,92.96,95.39,92.4,98.66
4.2.1. 소비자물가지수,파인애플,2020=100,0.2,원자료,113.88,115.76,121.51,121.72,121.83,125,124.57,122.03,121.75,132.35,136.88,125.23,124.07
4.2.1. 소비자물가지수,아몬드,2020=100,0.2,원자료,97.14,100.25,102.77,104.41,105.08,105.47,105.63,107.02,107.41,108.31,108.58,109.09,109.62
4.2.1. 소비자물가지수,과일가공품,2020=100,1,원자료,138.57,138.39,141.24,142.53,143.71,145.53,142.64,141.99,145.16,141.77,140.98,143.06,141.24
4.2.1. 소비자물가지수,채소 및 해조,2020=100,15.7,원자료,125.07,129.93,134.13,134.7,123.47,110.19,103.9,107.86,126.03,129.48,128.45,123.34,119.59
4.2.1. 소비자물가지수,배추,2020=100,1.3,원자료,92.89,131.71,138.03,140.63,136.38,91.08,80.59,100.72,152.69,158.24,136.62,102.26,109.68
4.2.1. 소비자물가지수,상추,2020=100,0.6,원자료,103.77,105.42,99.93,97.1,92.15,88.66,88.88,115.57,155.01,165.7,172.82,142.11,105.64
4.2.1. 소비자물가지수,시금치,2020=100,0.3,원자료,103.37,125.66,138.63,113.37,81.24,80.8,90.91,162.18,244.41,267.4,188.04,147.74,121.84
4.2.1. 소비자물가지수,양배추,2020=100,0.2,원자료,109.31,124.53,132.07,146.42,139.15,126.02,91.66,88.6,101.27,100.56,93.31,89.72,90.97
4.2.1. 소비자물가지수,미나리,2020=100,0.2,원자료,157.27,176.58,191.04,174.21,135.55,113.5,106.8,115.82,150.13,163.25,173.42,156.31,164.58
4.2.1. 소비자물가지수,깻잎,2020=100,0.2,원자료,117.59,133.95,134.76,127.12,115.26,114.78,101.88,108.83,143.52,148.08,146.5,133.05,111.82
4.2.1. 소비자물가지수,부추,2020=100,0.2,원자료,197.81,197.42,211.1,194.48,140.12,106.92,84.58,88.43,117.51,116.34,117.7,189.8,180.68
4.2.1. 소비자물가지수,무,2020=100,0.6,원자료,154.84,148.61,156.16,159.09,144.55,131.64,103.41,107.22,115.27,102.99,100.89,99.67,108.37
4.2.1. 소비자물가지수,열무,2020=100,0.2,원자료,133.32,139.17,144.41,148.54,119.85,90.29,83.52,131.23,176.84,140.99,134.11,127.88,123.48
4.2.1. 소비자물가지수,당근,2020=100,0.3,원자료,154.68,148.39,143.98,143.7,139.07,112.14,93.74,83,86.74,93.79,92.68,82.02,79.56
4.2.1. 소비자물가지수,감자,2020=100,0.6,원자료,99.11,119.65,133.72,142.67,144.11,144.52,120.39,100.63,103.48,106.54,108.28,109.32,110.43
4.2.1. 소비자물가지수,고구마,2020=100,1,원자료,91.6,93.85,94.8,94.91,93.35,93.76,95.89,96.92,103.49,101.4,96.94,91.46,91.12
4.2.1. 소비자물가지수,도라지,2020=100,0.1,원자료,124.55,125.41,125.56,126.31,126.23,126.87,126.45,125.6,126.77,127.21,126.81,128.03,128.01
4.2.1. 소비자물가지수,콩나물,2020=100,0.5,원자료,110.12,109.79,109.47,107.79,107.59,109.61,110.15,110.19,109.78,109.78,108.97,108.61,109.01
4.2.1. 소비자물가지수,버섯,2020=100,0.9,원자료,109.07,118.99,122.2,119.78,113.53,110.68,107.97,102.89,112.02,114.87,121.98,113.08,113.72
4.2.1. 소비자물가지수,오이,2020=100,0.6,원자료,170.68,173.11,182.33,175.63,129.57,106.75,97.4,110.38,137.83,143.01,143.67,146.36,145.83
4.2.1. 소비자물가지수,풋고추,2020=100,0.6,원자료,121.77,130.31,158.14,171.13,135.89,114.99,110.56,121.37,119.46,120.37,136.52,130.8,115.39
4.2.1. 소비자물가지수,호박,2020=100,0.5,원자료,121.53,157.87,166.52,156.29,109.94,83.54,85.6,89.32,108.79,115.49,130.19,120.64,101.95
4.2.1. 소비자물가지수,가지,2020=100,0.2,원자료,133.32,154.23,148.25,146.33,123.73,114.59,103.31,95.74,90.06,87.97,97.99,120.62,133.79
4.2.1. 소비자물가지수,토마토,2020=100,1.3,원자료,161.39,130.26,125.1,127.67,119.17,97.07,88.28,87.78,119.28,137.43,139.45,146.07,128.2
4.2.1. 소비자물가지수,파,2020=100,0.9,원자료,136.11,126.27,124.33,126.53,90.43,75.32,80.14,91.7,116.56,112.9,115.58,116.16,128.26
4.2.1. 소비자물가지수,양파,2020=100,0.7,원자료,102.62,110.72,123.52,139.31,145.49,113.76,94.33,91.72,97.92,97.6,98.81,101.11,102.53
4.2.1. 소비자물가지수,마늘,2020=100,1.3,원자료,126.62,128.08,131.06,132.16,136.38,148.99,156.2,145.84,141.12,139.9,139.31,139.51,140.01
4.2.1. 소비자물가지수,브로콜리,2020=100,0.2,원자료,122.31,119.4,115.33,109.04,111.49,116.49,97.3,108.28,137.2,162.13,165.26,163.06,135.72
4.2.1. 소비자물가지수,고사리,2020=100,0.1,원자료,122.83,123.33,123.36,124.12,123.89,123.66,123.37,123,123.09,123.36,124.19,124.43,124.46
4.2.1. 소비자물가지수,파프리카,2020=100,0.6,원자료,123.98,140.11,152.52,141.67,132.41,106.46,91.87,82.65,125.74,140.87,147.74,138.3,125.32
4.2.1. 소비자물가지수,단무지,2020=100,0.2,원자료,113.09,112.82,113.53,115.37,113.33,117.11,119.65,120.31,119.23,120.95,116.79,119.96,119.47
4.2.1. 소비자물가지수,김,2020=100,0.5,원자료,149.53,149.46,149.82,152.81,149.89,150.25,151.85,151.71,152.12,152.76,153.78,154.84,154.81
4.2.1. 소비자물가지수,맛김,2020=100,0.5,원자료,129.46,130.37,128.67,129.34,129.09,128.69,132.19,130.02,129.27,129.64,129.12,129.78,130.68
4.2.1. 소비자물가지수,미역,2020=100,0.3,원자료,126.68,121.27,121.56,121.44,124.44,129.28,130.9,130.91,131.37,131.61,131.46,131.66,131.98
4.2.1. 소비자물가지수,"과자, 빙과류 및 당류",2020=100,10.4,원자료,122.27,122.39,123.26,124.16,126.79,127.01,126.61,127.06,126.85,127.26,126.84,127.35,127.12
4.2.1. 소비자물가지수,초콜릿,2020=100,0.5,원자료,139.63,140.57,139.62,145.78,153.25,154.42,160.93,163.4,163.45,163.74,163.04,163.37,163.66
4.2.1. 소비자물가지수,사탕,2020=100,0.8,원자료,116.12,115.83,116.13,108.99,116.6,116.47,115.65,115.7,115.05,115.96,115.26,115.33,114.8
4.2.1. 소비자물가지수,껌,2020=100,0.1,원자료,116.24,115.26,116.31,115.6,116.47,116.17,116.53,116.37,116.42,116.47,116.47,116.5,117.02
4.2.1. 소비자물가지수,아이스크림,2020=100,2.6,원자료,123.13,123.55,123.7,127.07,128.37,129.12,128.57,128.25,127.9,128.23,128.03,128.42,128.31
4.2.1. 소비자물가지수,비스킷,2020=100,1.9,원자료,130.61,131.2,134.13,134.45,134.53,134.68,131.94,133.28,132.78,133.49,133.49,135.19,134.33
4.2.1. 소비자물가지수,스낵과자,2020=100,2.9,원자료,113.65,113.3,114.33,114.54,118.58,118.6,118.25,118.99,118.95,119.18,119.04,118.89,118.74
4.2.1. 소비자물가지수,파이,2020=100,0.6,원자료,113.25,113.49,113.4,115.21,115.91,115.66,115.95,116.18,115.91,115.93,116.61,115.95,115.93
4.2.1. 소비자물가지수,설탕,2020=100,0.3,원자료,146.74,147.14,147.45,146.66,148.09,148.14,146.67,148.03,148.21,148.28,147.56,147.45,147.4
4.2.1. 소비자물가지수,잼,2020=100,0.1,원자료,153.81,152.41,157.42,167.58,171.98,165.4,171.85,170.9,172.18,172.63,164.36,171.06,168.68
4.2.1. 소비자물가지수,꿀,2020=100,0.4,원자료,114.4,115.44,115.62,115.46,116.14,116.35,116.41,116.4,116.74,116.33,116.16,116.46,116.45
4.2.1. 소비자물가지수,물엿,2020=100,0.2,원자료,140.81,137.74,137.96,141.08,140.51,141.24,142.32,137.36,138.36,141.73,131.84,138.33,140.15
4.2.1. 소비자물가지수,기타 식료품,2020=100,15.7,원자료,120.93,121.04,121.68,122.62,123.55,123.49,123.54,123.5,124.39,124.17,123.73,123.8,123.94
4.2.1. 소비자물가지수,고춧가루,2020=100,1.6,원자료,114.37,114.89,115.52,114.96,115.52,115.71,115.65,114.49,115.4,114.51,114.17,113.53,114.78
4.2.1. 소비자물가지수,참깨,2020=100,0.6,원자료,133.16,133.51,133.62,133.7,133.96,134,133.92,134.08,134.22,134.2,134.31,134.37,134.38
4.2.1. 소비자물가지수,생강,2020=100,0.1,원자료,85.75,90.1,92.66,94.33,94.1,94.76,96.04,97.4,105.83,121.21,114.88,90.33,94.45
4.2.1. 소비자물가지수,소금,2020=100,0.2,원자료,176.17,176.69,176.77,176.73,176.73,175.84,176.59,176.56,176.59,176.6,176.52,176.35,176.03
4.2.1. 소비자물가지수,간장,2020=100,0.4,원자료,128.65,128.69,128.6,128.57,129.29,129.33,128.93,129.85,128.36,129.82,128.99,129.01,129.47
4.2.1. 소비자물가지수,된장,2020=100,0.4,원자료,128.34,126.51,127.59,127.87,129.43,126.11,127.5,130.93,129.95,130.12,130.44,131.96,126.13
4.2.1. 소비자물가지수,양념소스,2020=100,0.5,원자료,124.38,123.84,127.72,129.21,133.01,132.93,136.32,136.8,141.43,141.01,137.18,139.07,137.47
4.2.1. 소비자물가지수,고추장,2020=100,0.3,원자료,121.48,122.22,122.98,123.07,124.71,128.53,132.06,134.26,134.55,137.07,134.24,135.88,134.05
4.2.1. 소비자물가지수,카레,2020=100,0.2,원자료,129.9,130.04,130.67,129.67,131.85,131.56,131.04,131.65,131.13,131.98,130.16,131.07,131.27
4.2.1. 소비자물가지수,식초,2020=100,0.1,원자료,135.73,136.13,136.48,144.94,146.08,146.42,146.53,146.94,145.06,146.69,148.7,147.31,147.98
4.2.1. 소비자물가지수,드레싱,2020=100,0.2,원자료,151.45,152.59,152.89,161.82,161.77,161.41,161.49,161.17,160.44,161.2,161.18,162.52,162.5
4.2.1. 소비자물가지수,혼합조미료,2020=100,0.3,원자료,131.02,131.39,131.55,130.91,132.17,132.4,131.82,134.85,134.61,133.3,132.22,134.86,134.66
4.2.1. 소비자물가지수,스프,2020=100,0.3,원자료,129.48,129.55,129.72,129.71,129.71,129.58,129.45,129.71,129.69,129.71,129.82,129.79,129.68
4.2.1. 소비자물가지수,이유식,2020=100,0.3,원자료,111.12,111.12,111.12,111.12,111.12,111.12,111.12,111.12,111.12,111.12,111.12,111.12,111.12
4.2.1. 소비자물가지수,김치,2020=100,1.3,원자료,134.23,134.98,136.56,135.6,138.41,134.76,136.82,133.51,133.65,134.63,134.45,134.36,132.98
4.2.1. 소비자물가지수,밑반찬,2020=100,3.1,원자료,112.96,112.93,112.9,114.18,114.8,115.03,115.34,115.53,115.24,116.31,116.31,117.05,117.16
4.2.1. 소비자물가지수,냉동식품,2020=100,1.9,원자료,116.48,115,116.92,120.01,119.46,120.59,120.69,118.92,121.46,121.63,120.24,121.23,117.68
4.2.1. 소비자물가지수,즉석식품,2020=100,3.1,원자료,121.75,122.34,122,123.1,124.77,124.98,122.66,124.06,125.97,122.34,122.69,121.96,125.76
4.2.1. 소비자물가지수,편의점도시락,2020=100,0.4,원자료,113.29,114.75,117.3,117.3,117.3,117.3,117.3,117.3,117.3,117.3,117.3,118.57,118.57
4.2.1. 소비자물가지수,삼각김밥,2020=100,0.4,원자료,110.84,110.86,110.97,110.99,110.99,111.2,112.36,112.95,113.26,113.26,113.29,113.85,114.12
4.2.1. 소비자물가지수,비주류 음료,2020=100,9.7,원자료,124.74,126.27,125.46,126.67,126.88,125.49,127.86,129.39,129.02,128.42,129.82,129.92,130.03
4.2.1. 소비자물가지수,"커피, 차 및 코코아",2020=100,3.5,원자료,132.35,133.66,132.24,134.58,134.1,131.43,136.77,140.12,139.2,137.2,140.54,140.39,140.53
4.2.1. 소비자물가지수,커피,2020=100,2.6,원자료,133.62,134.59,133.72,133.83,134.74,134.66,139.67,142.87,143.19,142.85,143.2,143.54,143.98
4.2.1. 소비자물가지수,차,2020=100,0.9,원자료,128.34,130.62,127.66,136.17,131.82,122.01,128.25,131.98,127.66,121.06,132.63,131.15,130.44
4.2.1. 소비자물가지수,"생수, 청량음료, 과일주스 및 채소주스",2020=100,6.2,원자료,120.45,122.1,121.63,122.18,122.81,122.13,122.83,123.32,123.26,123.46,123.78,124.01,124.09
4.2.1. 소비자물가지수,주스,2020=100,1.4,원자료,129.56,129.39,129.4,129.99,130.08,130.76,133.47,134.66,135.36,136.19,135.58,135.91,136.26
4.2.1. 소비자물가지수,두유,2020=100,0.8,원자료,126.09,126.1,126.03,130.01,126.11,124.06,119.78,129.32,124.18,125.29,128.38,123.67,124.92
4.2.1. 소비자물가지수,생수,2020=100,1.3,원자료,113.79,117.35,113.56,113.46,116.43,117.4,116.85,116.13,116.55,116.88,117.27,117.41,116.35
4.2.1. 소비자물가지수,기능성음료,2020=100,0.5,원자료,114.5,114.76,115.78,118.44,120.52,120.75,121.08,120.49,120.7,121.16,121.42,121.2,120.94
4.2.1. 소비자물가지수,탄산음료,2020=100,1.6,원자료,115.44,118.83,120.02,120.35,119.6,117.44,120.24,117.83,117.89,116.97,115.71,118.66,119.88
4.2.1. 소비자물가지수,기타음료,2020=100,0.6,원자료,123.56,123.77,123.76,120.08,124.89,122.05,122.26,120.47,123.68,123.63,126.46,126.37,124.36
4.2.1. 소비자물가지수,주류 및 담배,2020=100,15.8,원자료,104.58,104.61,104.69,104.72,104.79,104.75,104.87,104.88,104.91,105.05,105.1,104.87,104.63
4.2.1. 소비자물가지수,주류,2020=100,6.5,원자료,111.82,111.9,112.09,112.17,112.33,112.61,112.91,112.93,113,113.37,113.49,112.9,112.3
4.2.1. 소비자물가지수,주류,2020=100,6.5,원자료,111.82,111.9,112.09,112.17,112.33,112.61,112.91,112.93,113,113.37,113.49,112.9,112.3
4.2.1. 소비자물가지수,소주,2020=100,1.7,원자료,108.29,108.54,108.48,108.48,108.36,108.52,108.49,108.51,108.44,108.64,108.39,108.44,108.52
4.2.1. 소비자물가지수,과실주,2020=100,0.8,원자료,101.4,102,101.99,102.84,105.29,102.67,102.99,102.2,99.68,105.44,102.78,101.99,98.83
4.2.1. 소비자물가지수,맥주,2020=100,3,원자료,112.76,112.97,113,113.01,113.94,114.93,115.64,115.74,115.71,115.87,115.84,116,115.79
4.2.1. 소비자물가지수,막걸리,2020=100,0.5,원자료,122.93,122.94,123.05,123.05,123.23,123.24,123.14,123.14,123.32,123.51,123.19,123.14,123.14
4.2.1. 소비자물가지수,양주,2020=100,0.4,원자료,118.36,115.81,118.76,118.13,108.89,110.8,109.81,111.15,117.86,109.11,118.48,109.34,107.89
4.2.1. 소비자물가지수,약주,2020=100,0.1,원자료,104.82,104.79,105.23,105.06,105.09,105.09,105.18,105.23,105.2,105.22,105.31,105.44,105.57
4.2.1. 소비자물가지수,담배,2020=100,9.3,원자료,100,100,100,100,100,99.77,99.77,99.77,99.77,99.77,99.77,99.77,99.77
4.2.1. 소비자물가지수,담배,2020=100,9.3,원자료,100,100,100,100,100,99.77,99.77,99.77,99.77,99.77,99.77,99.77,99.77
4.2.1. 소비자물가지수,담배,2020=100,9.3,원자료,100,100,100,100,100,99.77,99.77,99.77,99.77,99.77,99.77,99.77,99.77
4.2.1. 소비자물가지수,의류 및 신발,2020=100,49.6,원자료,115.49,115.46,115.86,115.87,115.92,116.23,116.46,116.46,116.48,116.48,117.24,118.17,118.19
4.2.1. 소비자물가지수,의류,2020=100,42.1,원자료,116.22,116.2,116.27,116.28,116.33,116.7,116.96,116.97,117.02,117.02,117.91,119.02,119.03
4.2.1. 소비자물가지수,남자의류,2020=100,7.9,원자료,117.16,117.16,117.16,117.14,117.15,118.18,118.18,118.17,118.23,118.23,118.23,118.96,118.97
4.2.1. 소비자물가지수,남자외의,2020=100,4.4,원자료,119.29,119.29,119.29,119.29,119.29,119.65,119.65,119.65,119.65,119.65,119.65,120.22,120.22
4.2.1. 소비자물가지수,남자상의,2020=100,1.5,원자료,110.74,110.74,110.74,110.74,110.74,113.09,113.09,113.09,113.09,113.09,113.09,115.06,115.06
4.2.1. 소비자물가지수,남자하의,2020=100,1.3,원자료,121.44,121.44,121.44,121.44,121.44,123.64,123.64,123.64,123.64,123.64,123.64,123.64,123.64
4.2.1. 소비자물가지수,남자내의,2020=100,0.7,원자료,109.24,109.29,109.22,109.08,109.14,109.44,109.42,109.28,109.98,110.05,110.06,110.34,110.4
4.2.1. 소비자물가지수,여자의류,2020=100,13.7,원자료,114.66,114.64,114.64,114.61,114.62,114.83,114.8,114.79,114.83,114.83,117.21,117.28,117.29
4.2.1. 소비자물가지수,여자외의,2020=100,6.2,원자료,111.25,111.25,111.25,111.25,111.25,111.25,111.25,111.25,111.25,111.25,115.76,115.76,115.76
4.2.1. 소비자물가지수,원피스,2020=100,1.8,원자료,126.92,126.92,126.92,126.92,126.92,126.92,126.92,126.92,126.92,126.92,126.92,127.51,127.51
4.2.1. 소비자물가지수,여자상의,2020=100,1.5,원자료,114.38,114.38,114.38,114.38,114.38,114.6,114.6,114.6,114.6,114.6,117.44,117.44,117.44
4.2.1. 소비자물가지수,여자하의,2020=100,2.4,원자료,119.02,119.02,119.02,119.02,119.02,119.02,119.02,119.02,119.02,119.02,119.02,119.02,119.02
4.2.1. 소비자물가지수,여자내의,2020=100,1.8,원자료,108.34,108.25,108.25,107.96,108.06,109.49,109.25,109.19,109.52,109.52,109.58,109.57,109.63
4.2.1. 소비자물가지수,캐쥬얼의류,2020=100,12.9,원자료,116.31,116.2,116.31,116.31,116.31,116.45,117.33,117.33,117.33,117.33,117.6,119.5,119.5
4.2.1. 소비자물가지수,점퍼,2020=100,3.3,원자료,113.42,113.42,113.42,113.42,113.42,113.42,113.42,113.42,113.42,113.42,114.47,120.59,120.59
4.2.1. 소비자물가지수,티셔츠,2020=100,4.6,원자료,123.77,123.77,123.77,123.77,123.77,123.77,123.77,123.77,123.77,123.77,123.77,123.77,123.77
4.2.1. 소비자물가지수,스웨터,2020=100,0.6,원자료,119.65,119.65,119.65,119.65,119.65,119.65,119.65,119.65,119.65,119.65,119.65,118.73,118.73
4.2.1. 소비자물가지수,청바지,2020=100,1.6,원자료,118.34,118.34,118.34,118.34,118.34,118.34,118.34,118.34,118.34,118.34,118.34,121.22,121.22
4.2.1. 소비자물가지수,운동복,2020=100,2.3,원자료,105.04,104.42,105.04,105.04,105.04,105.04,109.77,109.77,109.77,109.77,109.77,109.77,109.77
4.2.1. 소비자물가지수,등산복,2020=100,0.5,원자료,103.46,103.46,103.46,103.46,103.46,106.81,106.81,106.81,106.81,106.81,106.81,106.81,106.81
4.2.1. 소비자물가지수,아동복 · 유아복,2020=100,4.6,원자료,117.31,117.31,117.31,117.31,117.31,117.84,117.84,117.84,117.84,117.84,117.84,120.61,120.61
4.2.1. 소비자물가지수,유아동복,2020=100,4.6,원자료,117.31,117.31,117.31,117.31,117.31,117.84,117.84,117.84,117.84,117.84,117.84,120.61,120.61
4.2.1. 소비자물가지수,기타의류 및 의류 장신구,2020=100,1.7,원자료,111.51,111.46,111.38,111.44,111.36,111.34,111.38,111.34,111.46,111.32,111.35,112.36,112.36
4.2.1. 소비자물가지수,양말,2020=100,0.9,원자료,104.22,104.14,103.99,104.07,103.92,103.87,103.9,103.81,104.05,103.77,103.82,104.13,104.14
4.2.1. 소비자물가지수,모자,2020=100,0.6,원자료,113.28,113.28,113.28,113.28,113.28,113.28,113.28,113.28,113.28,113.28,113.28,113.28,113.28
4.2.1. 소비자물가지수,장갑,2020=100,0.2,원자료,147.88,147.74,147.74,147.91,147.92,147.95,148.17,148.25,148.23,148.23,148.26,156.26,156.18
4.2.1. 소비자물가지수,"의류 세탁, 수선 및 임차",2020=100,1.3,원자료,127.51,128.03,129.55,130.19,132.06,132.32,132.51,133.02,133.43,133.5,134.38,135.31,135.65
4.2.1. 소비자물가지수,의복수선료,2020=100,0.2,원자료,120.14,120.38,121.83,122.26,122.65,123.37,123.37,123.37,123.88,123.98,124.38,124.74,125.11
4.2.1. 소비자물가지수,세탁료,2020=100,1.1,원자료,128.79,129.36,130.9,131.57,133.71,133.89,134.11,134.73,135.11,135.18,136.14,137.18,137.52
4.2.1. 소비자물가지수,신발,2020=100,7.5,원자료,111.39,111.39,113.59,113.6,113.61,113.62,113.62,113.63,113.47,113.47,113.47,113.47,113.48
4.2.1. 소비자물가지수,신발,2020=100,7.5,원자료,111.39,111.39,113.59,113.6,113.61,113.62,113.62,113.63,113.47,113.47,113.47,113.47,113.48
4.2.1. 소비자물가지수,아동화,2020=100,0.9,원자료,116.17,116.17,116.17,116.17,116.17,116.17,116.17,116.17,116.17,116.17,116.17,116.17,116.17
4.2.1. 소비자물가지수,구두,2020=100,2,원자료,113.86,113.86,113.86,113.86,113.86,113.86,113.86,113.86,113.25,113.25,113.25,113.25,113.25
4.2.1. 소비자물가지수,운동화,2020=100,4.4,원자료,107.8,107.8,111.42,111.42,111.42,111.42,111.42,111.42,111.42,111.42,111.42,111.42,111.42
4.2.1. 소비자물가지수,실내화,2020=100,0.2,원자료,125.92,125.95,125.84,126.35,126.87,127.24,127.19,127.45,127.6,127.54,127.58,127.63,127.69
4.2.1. 소비자물가지수,"주택, 수도, 전기 및 연료",2020=100,171.6,원자료,115.67,115.87,116.47,116.25,116.24,116.47,116.56,115.16,115.37,116.71,116.94,116.89,117.12
4.2.1. 소비자물가지수,주택임차료,2020=100,99.1,원자료,104.33,104.39,104.45,104.52,104.6,104.67,104.74,104.85,104.93,104.99,105.05,105.15,105.24
4.2.1. 소비자물가지수,주택임차료,2020=100,99.1,원자료,104.33,104.39,104.45,104.52,104.6,104.67,104.74,104.85,104.93,104.99,105.05,105.15,105.24
4.2.1. 소비자물가지수,전세,2020=100,54.2,원자료,104.68,104.7,104.75,104.76,104.81,104.86,104.91,105.05,105.14,105.17,105.21,105.32,105.4
4.2.1. 소비자물가지수,월세,2020=100,44.9,원자료,103.84,103.96,104.03,104.19,104.32,104.38,104.48,104.56,104.64,104.71,104.79,104.89,105
4.2.1. 소비자물가지수,주거시설 유지·보수,2020=100,9.3,원자료,119.72,120.23,120.47,120.58,120.98,121.14,120.9,121.59,121.7,121.84,122.15,122.35,122.46
4.2.1. 소비자물가지수,주거시설 유지·보수,2020=100,9.3,원자료,119.72,120.23,120.47,120.58,120.98,121.14,120.9,121.59,121.7,121.84,122.15,122.35,122.46
4.2.1. 소비자물가지수,주택수선재료,2020=100,3.4,원자료,119.77,119.86,119.91,119.93,120.02,119.85,118.68,119.79,119.63,119.63,119.95,120.32,120.52
4.2.1. 소비자물가지수,설비수리비,2020=100,5.9,원자료,119.86,120.63,120.96,121.11,121.69,122.03,122.3,122.77,123.01,123.24,123.53,123.65,123.72
4.2.1. 소비자물가지수,수도 및 주거관련 서비스,2020=100,30.6,원자료,120.68,121.38,124.43,122.9,122.49,123.7,124.06,123.74,124.59,124.04,125.05,124.25,125.1
4.2.1. 소비자물가지수,상하수도료,2020=100,7.6,원자료,114.51,117.92,118.15,118.19,118.19,118.67,118.67,118.84,118.68,118.8,118.96,119.21,120.46
4.2.1. 소비자물가지수,상수도료,2020=100,4.5,원자료,112.93,115.8,115.92,115.97,115.97,116.54,116.54,116.82,116.55,116.51,116.76,117.01,117.38
4.2.1. 소비자물가지수,하수도료,2020=100,3.1,원자료,116.95,121.16,121.58,121.58,121.58,121.96,121.96,121.96,121.96,122.33,122.33,122.57,125.15
4.2.1. 소비자물가지수,기타 주거관련 서비스,2020=100,23,원자료,122.81,122.59,126.59,124.53,123.98,125.44,125.92,125.44,126.62,125.86,127.16,126,126.71
4.2.1. 소비자물가지수,공동주택관리비,2020=100,21.8,원자료,123.79,123.49,127.73,125.53,124.95,126.48,126.99,126.46,127.72,126.92,128.29,127.06,127.81
4.2.1. 소비자물가지수,쓰레기봉투료,2020=100,0.7,원자료,105.34,106.25,106.25,106.25,106.25,106.23,106.23,106.23,106.23,106.23,106.23,106.23,106.23
4.2.1. 소비자물가지수,정화조청소료,2020=100,0.5,원자료,110.9,112.42,112.47,113.02,113.18,113.3,113.3,114.07,114.31,114.31,114.31,114.31,114.31
4.2.1. 소비자물가지수,"전기, 가스 및 기타연료",2020=100,32.6,원자료,146.47,146.54,146.64,146.61,146.53,146.46,146.4,138.17,138.21,146.12,146.14,146.24,146.34
4.2.1. 소비자물가지수,전기,2020=100,16.1,원자료,142.78,142.78,142.78,142.78,142.78,142.78,142.78,126.47,126.47,142.16,142.16,142.16,142.16
4.2.1. 소비자물가지수,전기료,2020=100,16.1,원자료,142.78,142.78,142.78,142.78,142.78,142.78,142.78,126.47,126.47,142.16,142.16,142.16,142.16
4.2.1. 소비자물가지수,가스,2020=100,12.4,원자료,145.3,145.26,145.34,145.33,145.34,145.34,145.3,145.41,145.56,145.4,145.41,145.42,145.44
4.2.1. 소비자물가지수,도시가스,2020=100,11.5,원자료,145.66,145.63,145.63,145.63,145.63,145.63,145.63,145.85,146.03,146.05,146.05,146.1,146.1
4.2.1. 소비자물가지수,취사용LPG,2020=100,0.9,원자료,136.16,135.99,137.47,137.31,137.49,137.48,136.71,135.07,134.49,131.7,131.78,131.35,131.68
4.2.1. 소비자물가지수,기타연료 및 에너지,2020=100,4.1,원자료,165.45,166.31,166.94,166.68,165.8,165.08,164.68,164.86,164.68,164.62,164.87,165.77,166.65
4.2.1. 소비자물가지수,등유,2020=100,2.4,원자료,154.48,155.94,157.41,156.83,154.89,153.78,152.7,152.73,152.51,152.22,152.71,154.41,156.48
4.2.1. 소비자물가지수,지역난방비,2020=100,1.6,원자료,162.99,162.99,162.99,162.99,162.99,162.99,162.99,163.42,163.43,163.43,163.43,163.43,163.43
4.2.1. 소비자물가지수,부탄가스,2020=100,0.1,원자료,139.24,144.27,140.3,141.64,144.65,138.98,144.19,142.14,139.54,142.66,142.48,144.17,138.56
4.2.1. 소비자물가지수,가정용품 및 가사 서비스,2020=100,45.6,원자료,115.84,116.17,116.61,116.27,117.97,118.15,119.41,119.32,119.67,118.69,118.03,118.19,118.98
4.2.1. 소비자물가지수,"가구, 가사비품 및 카페트",2020=100,8.7,원자료,127.98,127.97,129.68,128.5,131.08,131.37,130.65,131.65,132.23,131.8,129.82,130.79,132.13
4.2.1. 소비자물가지수,"가구, 가사비품 및 카페트",2020=100,8.7,원자료,127.98,127.97,129.68,128.5,131.08,131.37,130.65,131.65,132.23,131.8,129.82,130.79,132.13
4.2.1. 소비자물가지수,장롱,2020=100,1.3,원자료,120.96,120.96,120.96,124.61,124.61,124.61,124.61,124.61,124.61,124.61,124.61,124.61,124.61
4.2.1. 소비자물가지수,침대,2020=100,2.7,원자료,125.3,125.3,127.77,127.77,127.77,127.77,127.77,127.77,127.77,127.77,127.77,127.77,127.77
4.2.1. 소비자물가지수,거실장,2020=100,0.4,원자료,122.26,122.26,122.26,125.54,125.54,125.54,125.54,125.54,125.94,125.94,125.94,125.94,125.94
4.2.1. 소비자물가지수,소파,2020=100,1.3,원자료,127.32,127.32,131.05,125.16,131.05,131.05,131.05,131.05,133.29,133.29,124.84,125.82,133.29
4.2.1. 소비자물가지수,책상,2020=100,0.4,원자료,113.17,113.17,130.81,131.16,131.16,131.16,131.16,131.16,129.65,129.65,129.65,129.65,129.65
4.2.1. 소비자물가지수,의자,2020=100,0.4,원자료,114.1,114.11,113.79,113.64,107.38,107.4,107.42,112.39,116.45,116.49,116.57,116.58,116.46
4.2.1. 소비자물가지수,식탁,2020=100,0.9,원자료,122.49,122.49,126.17,126.17,126.17,126.17,126.17,126.17,126.55,126.55,124.26,124.26,126.55
4.2.1. 소비자물가지수,싱크대,2020=100,1.3,원자료,153.42,153.29,147.48,140.17,154.46,156.51,151.3,156.86,157.27,154.06,150.83,156.82,156.52
4.2.1. 소비자물가지수,가정용 섬유제품,2020=100,3,원자료,110.55,115.16,115.52,115.54,115.56,115.58,115.61,115.16,115.56,115.59,115.69,115.68,115.71
4.2.1. 소비자물가지수,가정용 섬유제품,2020=100,3,원자료,110.55,115.16,115.52,115.54,115.56,115.58,115.61,115.16,115.56,115.59,115.69,115.68,115.71
4.2.1. 소비자물가지수,침구,2020=100,2.6,원자료,111.15,116.5,116.88,116.88,116.88,116.88,116.88,116.88,116.88,116.88,117.05,117.05,117.05
4.2.1. 소비자물가지수,커튼,2020=100,0.4,원자료,106.85,106.69,106.98,107.09,107.26,107.43,107.68,104.23,107.28,107.5,107.14,107.01,107.25
4.2.1. 소비자물가지수,가정용 기기,2020=100,16.7,원자료,103.63,103.46,103.09,103.65,105.38,105.4,108.51,108.33,108.46,106.38,106.33,105.3,106.58
4.2.1. 소비자물가지수,가정용 기구,2020=100,11.8,원자료,101.45,101.08,100.57,101.23,102.25,101.95,103.28,103.03,103.22,102.94,102.97,101.54,102.5
4.2.1. 소비자물가지수,전기밥솥,2020=100,0.5,원자료,102.96,104.41,104.69,103.77,102.99,99.13,101.9,99.52,99.25,99.82,99.81,101,102.31
4.2.1. 소비자물가지수,가스레인지,2020=100,0.4,원자료,110.81,108.56,107.85,108.56,108.42,107.71,109.05,108.39,108.67,108.96,108.23,108.7,108.54
4.2.1. 소비자물가지수,전자레인지,2020=100,0.1,원자료,96.98,97.54,97.11,97,97.53,99.37,99.7,99.61,99.54,99.29,99.47,100.24,99.45
4.2.1. 소비자물가지수,전기레인지,2020=100,0.2,원자료,107.36,107.61,103.91,104.32,104.57,101.5,99.88,99.54,99.43,101.56,99.8,99.69,98.81
4.2.1. 소비자물가지수,냉장고,2020=100,2.4,원자료,99.7,99.71,99.67,100.8,100.64,101.46,102.87,103.19,103.47,102.05,103.27,93.49,100.15
4.2.1. 소비자물가지수,김치냉장고,2020=100,1.1,원자료,104.04,103.59,102.45,102.45,102.45,102.45,102.45,102.45,102.45,102.83,102.99,109.8,104.87
4.2.1. 소비자물가지수,에어컨,2020=100,1.5,원자료,106.27,106.27,106.27,106.27,115.02,115.02,115.74,114.29,114.05,113.37,113.37,113.37,113.37
4.2.1. 소비자물가지수,선풍기,2020=100,0.4,원자료,93.31,93.31,93.31,93.31,83.89,83.84,84.29,83.68,94.03,94,94,94,94
4.2.1. 소비자물가지수,공기청정기,2020=100,0.6,원자료,91.55,91.92,92.03,90.69,90,88.09,89.12,91.84,90.69,91.6,91.39,90.79,90.52
4.2.1. 소비자물가지수,세탁기,2020=100,1,원자료,94.45,93.91,94.97,96.71,96.16,96.15,95.94,97.75,96.92,98.17,98.35,97.85,99.28
4.2.1. 소비자물가지수,의류건조기,2020=100,1.1,원자료,101.98,101.49,101.75,102.05,102.74,102.52,104.62,103.97,103.61,103.49,102.94,102.85,102.86
4.2.1. 소비자물가지수,식기세척기,2020=100,0.2,원자료,99.89,99.39,99.38,102.53,101.61,105.45,104.92,102.39,103.58,99.51,99.6,101.32,100.74
4.2.1. 소비자물가지수,청소기,2020=100,1.1,원자료,97.91,95.4,95.27,96.42,96.77,96.91,103.34,102.45,102.52,102.17,100.17,97.24,98.6
4.2.1. 소비자물가지수,소형주방가전,2020=100,0.8,원자료,112.61,112.82,105.78,108.31,113.34,110.21,109.44,107.86,107.1,106.09,107.31,109.33,106.63
4.2.1. 소비자물가지수,보온매트,2020=100,0.4,원자료,109.39,109.39,109.39,109.39,109.39,109.39,109.39,109.39,109.39,109.39,109.39,109.7,109.7
4.2.1. 소비자물가지수,가정용 기구 수리서비스,2020=100,4.9,원자료,109.47,109.79,109.79,110.07,113.54,114.36,121.87,121.87,121.87,115.31,115.03,115.03,117.11
4.2.1. 소비자물가지수,가전제품수리비,2020=100,2.4,원자료,126.95,127.63,127.63,128.24,135.63,135.63,150.43,150.43,150.43,135.63,135.63,135.63,140.08
4.2.1. 소비자물가지수,가전제품렌탈비,2020=100,2.5,원자료,93.88,93.88,93.88,93.88,93.88,95.43,96.51,96.51,96.51,97.21,96.69,96.69,96.69
4.2.1. 소비자물가지수,주방용품 및 가정용품,2020=100,4,원자료,121.1,118.21,119.8,117.58,117.72,122.48,120.59,122.37,121.19,120.62,121.01,121.8,121.22
4.2.1. 소비자물가지수,주방용품 및 가정용품,2020=100,4,원자료,121.1,118.21,119.8,117.58,117.72,122.48,120.59,122.37,121.19,120.62,121.01,121.8,121.22
4.2.1. 소비자물가지수,식기,2020=100,0.8,원자료,122.76,115.74,121.26,120.92,114.36,121.38,123.31,124.85,125.55,122.25,125.42,120.57,121.29
4.2.1. 소비자물가지수,컵,2020=100,0.5,원자료,102.58,107.4,105.26,100.54,107.27,108.62,101.82,106.87,106.12,107.69,109.05,106.76,108.52
4.2.1. 소비자물가지수,솥,2020=100,0.2,원자료,122.57,122.61,122.75,122.78,117.74,122.88,122.91,110.54,123.08,124.93,122.04,125.56,125.76
4.2.1. 소비자물가지수,프라이팬,2020=100,0.6,원자료,125.3,120.39,124.21,123.01,122.83,130.59,127.42,132.79,125.9,121.4,123.09,128.37,122.81
4.2.1. 소비자물가지수,냄비,2020=100,0.5,원자료,126.48,117.7,120.96,117.07,113.15,128.13,125.5,131.22,127.92,122.59,127.45,126.94,129.81
4.2.1. 소비자물가지수,수저,2020=100,0.3,원자료,112.01,107.85,114.26,111.34,112.89,114.23,111.4,114.59,114.46,110.2,110,111.43,113.8
4.2.1. 소비자물가지수,밀폐용기,2020=100,0.7,원자료,128.6,127.79,123.34,121.06,127.69,125.36,124,121.66,119.49,127.53,121.27,127.25,123.4
4.2.1. 소비자물가지수,부엌용용구,2020=100,0.4,원자료,119.45,120.85,121.14,118.55,119.28,121.79,120.42,120.95,120.37,121.3,120.61,121.55,121.19
4.2.1. 소비자물가지수,가정·정원용 공구 및 장비,2020=100,3.1,원자료,117.84,117.91,118.67,118.76,119.2,116.88,118.5,118.69,119.36,119.63,117.5,119.4,119.94
4.2.1. 소비자물가지수,가정·정원용 공구 및 장비,2020=100,3.1,원자료,117.84,117.91,118.67,118.76,119.2,116.88,118.5,118.69,119.36,119.63,117.5,119.4,119.94
4.2.1. 소비자물가지수,보일러,2020=100,1.5,원자료,120.79,120.8,120.81,120.79,120.84,120.35,120.33,120.33,120.35,120.36,120.42,120.41,120.43
4.2.1. 소비자물가지수,건전지,2020=100,0.3,원자료,136.72,138.31,136.7,137.73,140.64,140.66,142.73,138.49,141.46,142.7,141.48,143.52,140.98
4.2.1. 소비자물가지수,소형가사용품,2020=100,1.3,원자료,108.91,108.71,110.76,110.75,111.05,106.34,109.56,110.93,111.76,112.08,107.46,111.33,113.08
4.2.1. 소비자물가지수,일상 생활용품 및 가사 서비스,2020=100,10.1,원자료,127.22,128.83,129.11,128.36,130.8,130.16,131.2,129.66,130.69,130.44,129.57,130.5,130.74
4.2.1. 소비자물가지수,비내구성 가정용품,2020=100,5.1,원자료,128.18,130.55,130.63,128.77,132.55,131.23,133.22,130,132,131.41,129.48,131.15,131.6
4.2.1. 소비자물가지수,세탁세제,2020=100,1.7,원자료,129.86,131.49,130.52,127.38,135.02,136.01,138.28,130.35,131.65,131.41,127.03,130.63,130.85
4.2.1. 소비자물가지수,섬유유연제,2020=100,0.1,원자료,141.24,147.48,145.3,144.56,139.39,136.21,147.19,145.49,152.79,147.8,155.36,151.6,150.88
4.2.1. 소비자물가지수,전구,2020=100,0.2,원자료,107.81,107.82,104.71,108.11,108.11,107.3,100.75,106.71,108.53,106.96,107.55,108.42,109.41
4.2.1. 소비자물가지수,부엌용세제,2020=100,0.6,원자료,119.35,120.5,120.46,118.7,119.69,118.96,119.51,118.79,127.22,125.12,125.15,122.82,120.78
4.2.1. 소비자물가지수,청소용세제,2020=100,0.2,원자료,128.5,129.51,130.33,133.44,135.29,135.75,136.29,136.94,137.43,137.74,137.53,137.67,137.88
4.2.1. 소비자물가지수,살충제,2020=100,0.3,원자료,131.31,131.28,131.87,132.22,132.75,131.51,127.9,129.02,125.93,126.33,126.32,126.94,127.33
4.2.1. 소비자물가지수,가정용비닐용품,2020=100,0.6,원자료,131.43,132.35,135.61,136.4,136.36,133.99,136.53,132.77,136.47,134.86,137.41,137.52,137.95
4.2.1. 소비자물가지수,키친타월,2020=100,1,원자료,128.33,136.37,136.1,130.4,136.5,130.33,135.55,135.29,136.43,136.32,130.07,134.12,136.45
4.2.1. 소비자물가지수,방향제,2020=100,0.3,원자료,130.77,131.83,132.36,134.26,134.78,135.19,137.13,136.02,133.33,133.59,134.28,135.38,134.37
4.2.1. 소비자물가지수,습기제거제,2020=100,0.1,원자료,148.6,141.4,148.68,149.23,145.74,144.97,145.7,135.15,134.32,137.14,147.34,143.01,149.44
4.2.1. 소비자물가지수,가구내 고용 및 가사 서비스,2020=100,5,원자료,126.26,127.11,127.58,127.97,129.04,129.09,129.18,129.32,129.38,129.47,129.66,129.86,129.88
4.2.1. 소비자물가지수,가사도우미료,2020=100,2.4,원자료,117.57,118.14,118.41,118.77,120.21,120.21,120.21,120.33,120.37,120.47,120.78,120.94,120.93
4.2.1. 소비자물가지수,간병도우미료,2020=100,2.6,원자료,134.6,135.71,136.38,136.79,137.49,137.6,137.78,137.95,138.01,138.1,138.17,138.4,138.47
4.2.1. 소비자물가지수,보건,2020=100,84,원자료,104.56,105.42,105.43,105.45,105.53,105.56,105.54,105.5,105.56,105.49,105.6,105.66,105.57
4.2.1. 소비자물가지수,의료용품 및 장비,2020=100,35.3,원자료,102.69,102.84,102.85,102.87,102.94,103.01,102.94,102.77,102.92,102.7,102.86,102.94,102.67
4.2.1. 소비자물가지수,의약품,2020=100,25,원자료,104.52,104.75,104.86,104.92,104.93,104.96,104.7,104.7,104.77,104.74,104.96,104.95,104.68
4.2.1. 소비자물가지수,감기약,2020=100,0.4,원자료,127.05,127.14,127.39,127.47,127.59,127.74,127.93,127.99,128.25,128.3,128.31,128.4,128.66
4.2.1. 소비자물가지수,진통제,2020=100,0.4,원자료,119.53,119.68,119.74,119.73,119.61,119.64,119.69,119.69,119.76,119.68,119.61,119.48,119.4
4.2.1. 소비자물가지수,소화제,2020=100,0.3,원자료,120.53,121.02,121.38,121.57,121.92,122.11,122.64,122.72,122.98,123.33,123.48,123.6,123.62
4.2.1. 소비자물가지수,위장약,2020=100,0.2,원자료,110.06,110.07,110.18,110.59,110.72,110.72,110.72,106.85,106.78,106.88,106.82,106.98,107.03
4.2.1. 소비자물가지수,진해거담제,2020=100,0.2,원자료,110.96,111.07,111.46,112.31,112.4,112.46,112.8,113.32,113.37,113.54,113.55,113.71,113.76
4.2.1. 소비자물가지수,소염진통제,2020=100,0.6,원자료,114.68,114.74,114.76,115,115.27,115.43,115.45,115.46,115.44,115.55,115.54,115.54,115.53
4.2.1. 소비자물가지수,피부질환제,2020=100,0.3,원자료,112.4,112.73,113.12,113.42,113.69,113.89,113.9,113.89,114.08,114.18,114.22,114.34,114.41
4.2.1. 소비자물가지수,치과구강용약,2020=100,0.3,원자료,112.17,112.25,112.27,112.24,112.3,112.25,112.25,112.27,112.23,112.15,112.15,112.18,112.14
4.2.1. 소비자물가지수,조제약,2020=100,5.8,원자료,94.28,94.28,94.28,94.28,94.25,94.25,94.03,93.58,93.49,93.3,93.3,93.21,92.95
4.2.1. 소비자물가지수,한방약,2020=100,2.7,원자료,130.33,130.61,131.36,131.47,132.07,132.13,132.42,132.48,132.65,132.78,133.11,133.17,133.32
4.2.1. 소비자물가지수,인삼,2020=100,0.3,원자료,95.59,95.93,96.61,97.01,97.75,97.99,98.84,99.14,99.64,99.67,99.51,99.52,99.86
4.2.1. 소비자물가지수,홍삼,2020=100,1.1,원자료,106.57,106.57,106.57,106.57,106.57,106.57,106.57,106.57,106.57,106.57,111.11,111.11,111.11
4.2.1. 소비자물가지수,비타민제,2020=100,1.2,원자료,112.46,112.47,112.51,112.6,112.62,112.52,112.51,112.54,112.51,112.46,112.31,112.37,112.35
4.2.1. 소비자물가지수,건강기능식품,2020=100,6.5,원자료,104.02,104.02,104.02,104.02,104.02,104.02,103.01,103.79,104.02,104.02,104.02,104.02,103.34
4.2.1. 소비자물가지수,유산균,2020=100,1.2,원자료,97.83,101.54,101.73,102.1,101.51,101.99,102.37,101.99,101.89,102.37,102.26,102.38,102
4.2.1. 소비자물가지수,병원약품,2020=100,3.5,원자료,94.21,94.21,94.21,94.21,93.89,93.88,93.71,93.28,93.29,93.13,93.13,93.07,92.81
4.2.1. 소비자물가지수,의료용품 및 치료기기,2020=100,10.3,원자료,98.62,98.58,98.34,98.27,98.47,98.65,99.03,98.46,98.78,98.11,98.13,98.42,98.17
4.2.1. 소비자물가지수,종이기저귀,2020=100,1.4,원자료,115.21,115.36,115.09,114.36,114.97,114.74,116.45,116.16,116.74,116.33,115.94,116.07,116.68
4.2.1. 소비자물가지수,생리대,2020=100,1,원자료,119.77,123.37,120.84,119.45,118.77,121.01,122.04,115.22,120.04,120.17,120.46,111.57,118.81
4.2.1. 소비자물가지수,마스크,2020=100,1.6,원자료,70.57,70.58,70.52,70.66,70.89,70.89,71.28,71.06,71.07,71.04,70.9,71.09,71.12
4.2.1. 소비자물가지수,반창고,2020=100,0.1,원자료,101.74,101.93,101.96,101.96,102.05,102.07,102.1,102.17,102.13,102.24,102.13,102.13,102.07
4.2.1. 소비자물가지수,안경,2020=100,1,원자료,101.25,101.31,101.45,101.58,101.55,101.3,101.52,101.52,101.48,101.56,101.48,101.63,101.78
4.2.1. 소비자물가지수,콘택트렌즈,2020=100,1.4,원자료,98.73,98.94,99,99.2,98.78,99.11,98.98,99.57,100.36,101.22,101.81,101.49,101.93
4.2.1. 소비자물가지수,의료측정기,2020=100,0.2,원자료,98.76,98.54,98.53,98.74,98.77,98.54,98.52,98.77,98.42,98.4,98.43,98.43,98.19
4.2.1. 소비자물가지수,보청기,2020=100,0.6,원자료,101.95,101.95,101.95,102.88,102.88,102.88,102.88,102.88,102.88,102.88,102.88,102.88,102.88
4.2.1. 소비자물가지수,건강기기렌탈비,2020=100,1.5,원자료,106.52,106.52,106.52,106.52,106.52,106.52,106.52,106.52,104.6,98.88,98.88,106.52,98.88
4.2.1. 소비자물가지수,치료재료,2020=100,1.5,원자료,104.31,101.55,101.55,101.55,102.98,102.98,102.98,102.98,102.98,103.02,103.02,103.02,103.04
4.2.1. 소비자물가지수,외래환자 서비스,2020=100,37.4,원자료,107.64,109.09,109.1,109.16,109.26,109.25,109.29,109.35,109.35,109.41,109.5,109.56,109.6
4.2.1. 소비자물가지수,의료서비스,2020=100,24.5,원자료,108.68,109.96,109.96,109.97,109.99,109.99,110,110.02,110.02,110.02,110.02,110.02,110.01
4.2.1. 소비자물가지수,외래진료비,2020=100,20.5,원자료,108.22,109.26,109.26,109.26,109.26,109.26,109.26,109.26,109.26,109.26,109.26,109.26,109.26
4.2.1. 소비자물가지수,건강검진비,2020=100,1.2,원자료,105.92,106.41,106.25,106.54,106.86,106.86,107.11,107.57,107.57,107.64,107.64,107.64,107.3
4.2.1. 소비자물가지수,한방진료비,2020=100,1,원자료,113.18,117.29,117.29,117.29,117.29,117.29,117.29,117.29,117.29,117.29,117.29,117.29,117.29
4.2.1. 소비자물가지수,약국조제료,2020=100,1.8,원자료,112.85,116.03,116.03,116.03,116.03,116.03,116.03,116.03,116.03,116.03,116.03,116.03,116.03
4.2.1. 소비자물가지수,기타의료서비스,2020=100,12.9,원자료,105.87,107.62,107.67,107.77,108.04,108,108.1,108.24,108.23,108.4,108.64,108.83,108.98
4.2.1. 소비자물가지수,치과진료비,2020=100,6.1,원자료,109.43,112.96,112.96,112.96,112.96,112.96,112.96,112.96,112.96,112.96,112.96,112.96,112.96
4.2.1. 소비자물가지수,치과보철료,2020=100,6.8,원자료,102.55,102.74,102.82,103.03,103.52,103.45,103.63,103.91,103.9,104.19,104.66,105.01,105.3
4.2.1. 소비자물가지수,병원 서비스,2020=100,11.3,원자료,100.93,102.07,102.09,102.1,102.1,102.1,102.1,102.11,102.11,102.11,102.11,102.11,102.12
4.2.1. 소비자물가지수,병원 서비스,2020=100,11.3,원자료,100.93,102.07,102.09,102.1,102.1,102.1,102.1,102.11,102.11,102.11,102.11,102.11,102.12
4.2.1. 소비자물가지수,입원진료비,2020=100,10.2,원자료,106.75,107.97,107.97,107.97,107.97,107.97,107.97,107.97,107.97,107.97,107.97,107.97,107.97
4.2.1. 소비자물가지수,병원검사료,2020=100,1.1,원자료,61.37,62.01,62.16,62.18,62.2,62.21,62.23,62.27,62.28,62.3,62.3,62.3,62.32
4.2.1. 소비자물가지수,교통,2020=100,110.6,원자료,114.32,115.62,116.19,115.67,114.55,114.28,114.15,115.82,116.27,115.21,116.4,117.31,117.99
4.2.1. 소비자물가지수,운송장비,2020=100,28.4,원자료,108.24,107.49,107.75,107.88,107.24,107.3,107.43,108.22,108.57,108.64,109.91,109.33,108.21
4.2.1. 소비자물가지수,운송장비,2020=100,28.4,원자료,108.24,107.49,107.75,107.88,107.24,107.3,107.43,108.22,108.57,108.64,109.91,109.33,108.21
4.2.1. 소비자물가지수,소형승용차,2020=100,1,원자료,105,103.41,103.41,103.41,103.41,104.85,104.85,104.85,104.85,104.85,104.85,104.85,104.85
4.2.1. 소비자물가지수,중형승용차,2020=100,1,원자료,105.82,104.38,104.43,104.43,103.02,103.02,103.5,102.8,104.13,104.13,104.18,103.48,103.91
4.2.1. 소비자물가지수,대형승용차,2020=100,3.2,원자료,111.8,110.17,110.17,110.17,109.15,108.63,109.58,109.06,110.6,110.6,110.6,110.09,110.39
4.2.1. 소비자물가지수,경승용차,2020=100,0.6,원자료,105.55,105.55,105.55,105.55,105.55,105.55,106.07,106.71,106.71,106.71,106.71,106.71,106.71
4.2.1. 소비자물가지수,다목적승용차,2020=100,7.7,원자료,112.3,110.79,110.79,110.79,110.79,110.79,110.79,111.09,111.37,111.56,111.56,111.56,111.56
4.2.1. 소비자물가지수,수입승용차,2020=100,9.3,원자료,105.16,105.17,105.6,105.95,105.22,105.62,104.87,107.85,107.3,107.34,111.25,110.1,106.26
4.2.1. 소비자물가지수,전기동력차,2020=100,5.1,원자료,104.42,104.15,104.69,104.69,103.4,103.08,104.33,103.27,104.57,104.59,104.59,103.95,104.33
4.2.1. 소비자물가지수,자전거,2020=100,0.5,원자료,132.15,132.15,133.2,134.16,134.55,134.55,134.66,134.77,134.72,134.71,134.65,134.62,134.58
4.2.1. 소비자물가지수,개인운송장비 운영,2020=100,60.3,원자료,118.3,121.06,122.22,121.03,119.3,118.65,118.34,120.69,120.8,119.28,120.76,122.62,124.38
4.2.1. 소비자물가지수,개인운송장비 연료 및 윤활유,2020=100,43.2,원자료,122.06,126.63,128.62,126.06,122.33,121.92,121.5,124.18,123.86,122.97,123.13,127.77,130.15
4.2.1. 소비자물가지수,휘발유,2020=100,24.1,원자료,118.68,123.03,124.51,121.9,118.11,117.57,117.39,120.27,119.91,119.28,119.4,123.39,125.41
4.2.1. 소비자물가지수,경유,2020=100,16.3,원자료,124.62,130.37,133.26,130.31,126.04,125.41,124.88,128.17,128.29,127.69,128.03,134.64,138.09
4.2.1. 소비자물가지수,자동차용LPG,2020=100,2.8,원자료,133.72,133.81,135.64,135.64,135.61,137.58,135.6,133,130.87,126.08,125.82,125.69,125.66
4.2.1. 소비자물가지수,개인운송장비 소모품 및 유지·수리,2020=100,9.8,원자료,117.41,116.76,117.8,118.04,119.55,119.64,118.85,119.21,119.06,119.11,119.44,119.88,120.27
4.2.1. 소비자물가지수,자동차용품,2020=100,0.9,원자료,115.61,106.5,115.57,112.05,115.61,115.37,105.07,110.96,109.2,109.77,110.63,113.44,116.84
4.2.1. 소비자물가지수,블랙박스,2020=100,0.2,원자료,102.74,102.79,102.94,102.91,102.72,102.66,102.53,102.31,102.19,102.17,102.15,102.06,102.98
4.2.1. 소비자물가지수,자동차타이어,2020=100,0.9,원자료,119.8,119.88,119.8,122.26,123.37,123.37,123.81,121.01,120.97,120.89,120.92,120.97,120.9
4.2.1. 소비자물가지수,자동차수리비,2020=100,6.3,원자료,114.9,115.09,115.27,115.7,117.13,117.27,117.45,117.5,117.51,117.51,117.74,117.95,117.98
4.2.1. 소비자물가지수,엔진오일교체료,2020=100,1,원자료,132.24,132.59,132.78,133.5,134.77,134.91,134.91,135.23,135.29,135.36,135.84,136.06,136.1
4.2.1. 소비자물가지수,세차료,2020=100,0.5,원자료,131.76,132.71,133.66,134.18,134.68,135.09,135.3,135.3,135.42,135.25,136.24,136.74,137.36
4.2.1. 소비자물가지수,개인운송장비 관련 기타 서비스,2020=100,7.3,원자료,96.35,95.46,93.07,96.09,98.98,96.36,97.18,100.5,102.86,96.68,105.29,96.73,97.48
4.2.1. 소비자물가지수,자동차학원비,2020=100,0.5,원자료,113.65,114.01,114.26,114.59,115.03,114.95,115,115,115.21,115.39,115.58,115.51,115.28
4.2.1. 소비자물가지수,주차료,2020=100,1.2,원자료,109.38,109.56,109.88,110.16,111,111.79,111.79,111.79,112.33,112.47,112.59,112.59,112.59
4.2.1. 소비자물가지수,도로통행료,2020=100,1.7,원자료,97.28,97.28,97.28,97.28,97.28,97.28,97.28,97.28,97.28,97.28,97.28,97.28,97.28
4.2.1. 소비자물가지수,승용차임차료,2020=100,3.2,원자료,83.51,81.31,75.69,82.32,88.55,82.3,84.13,91.66,96.79,82.64,102.13,82.66,84.39
4.2.1. 소비자물가지수,대리운전이용료,2020=100,0.4,원자료,133.9,134.4,134.84,135.44,135.44,135.4,135.77,135.88,135.92,135.95,136.26,136.26,136.38
4.2.1. 소비자물가지수,자동차검사료,2020=100,0.3,원자료,100,100,100,100,100,100,100,100,100,100,100,100,100
4.2.1. 소비자물가지수,운송 서비스,2020=100,21.9,원자료,112.6,113.26,112.93,113.06,112.68,112.85,112.77,114.1,115.39,113.92,114.39,115.06,115.64
4.2.1. 소비자물가지수,철도 여객수송,2020=100,3.9,원자료,106.9,106.9,106.9,106.9,106.9,106.9,106.9,111.33,111.33,111.33,111.33,111.33,111.33
4.2.1. 소비자물가지수,열차료,2020=100,1.7,원자료,100,100,100,100,100,100,100,100,100,100,100,100,100
4.2.1. 소비자물가지수,도시철도료,2020=100,2.2,원자료,112.23,112.23,112.23,112.23,112.23,112.23,112.23,120.08,120.08,120.08,120.08,120.08,120.08
4.2.1. 소비자물가지수,도로 여객수송,2020=100,11,원자료,115.37,115.31,115.23,115.42,115.42,115.42,115.42,115.43,115.95,115.98,115.98,118.22,118.22
4.2.1. 소비자물가지수,시내버스료,2020=100,6.8,원자료,112.94,112.84,112.7,112.7,112.7,112.7,112.7,112.72,113.56,113.61,113.61,117.03,117.03
4.2.1. 소비자물가지수,시외버스료,2020=100,1,원자료,110.18,110.18,110.18,110.18,110.18,110.18,110.18,110.18,110.18,110.18,110.18,110.18,110.18
4.2.1. 소비자물가지수,택시료,2020=100,3.2,원자료,122.21,122.21,122.21,122.84,122.84,122.84,122.84,122.84,122.84,122.84,122.84,123.27,123.27
4.2.1. 소비자물가지수,항공 및 수상여객운송,2020=100,4.1,원자료,115.21,119.1,116.86,117.1,114.44,115.57,115.1,118.15,124.61,115.21,118.03,114.88,118.37
4.2.1. 소비자물가지수,국내항공료,2020=100,1,원자료,103.81,107.28,108.19,107.91,102.28,107.28,103.54,105.74,119.82,102.28,109.57,102.28,103.81
4.2.1. 소비자물가지수,국제항공료,2020=100,2.9,원자료,120.39,124.69,121.07,121.39,119.73,118.84,119.63,123.31,127.24,120.3,121.57,119.78,124.37
4.2.1. 소비자물가지수,여객선료,2020=100,0.2,원자료,113.1,114.27,113.73,115.62,114.58,122.35,121.94,121.55,122.94,121.6,122.4,121.94,121.72
4.2.1. 소비자물가지수,기타 여객운송,2020=100,2.9,원자료,119.68,120.18,120.79,120.78,121.1,121.06,120.99,121.12,121.03,121.16,121.32,121.4,121.55
4.2.1. 소비자물가지수,이삿짐운송료,2020=100,1,원자료,126.84,128.27,130.08,129.41,129.99,129.72,129.74,130.09,130.25,130.46,130.95,131.15,131.64
4.2.1. 소비자물가지수,택배이용료,2020=100,1.9,원자료,114.48,114.5,114.48,114.81,115,115.07,114.97,114.97,114.76,114.84,114.84,114.84,114.84
4.2.1. 소비자물가지수,통신,2020=100,46.6,원자료,101.34,101.34,101.34,101.35,101.34,101.34,101.34,101.35,87.87,101.38,101.73,101.73,101.75
4.2.1. 소비자물가지수,우편서비스,2020=100,0.1,원자료,109.99,109.99,109.99,109.99,109.99,109.99,109.99,109.99,109.99,109.99,109.99,109.99,109.99
4.2.1. 소비자물가지수,우편서비스,2020=100,0.1,원자료,109.99,109.99,109.99,109.99,109.99,109.99,109.99,109.99,109.99,109.99,109.99,109.99,109.99
4.2.1. 소비자물가지수,우편료,2020=100,0.1,원자료,109.99,109.99,109.99,109.99,109.99,109.99,109.99,109.99,109.99,109.99,109.99,109.99,109.99
4.2.1. 소비자물가지수,전화 및 팩스장비,2020=100,10.4,원자료,99.63,99.63,99.63,99.64,99.64,99.64,99.64,99.64,99.64,99.64,101.09,101.09,101.09
4.2.1. 소비자물가지수,전화 및 팩스장비,2020=100,10.4,원자료,99.63,99.63,99.63,99.64,99.64,99.64,99.64,99.64,99.64,99.64,101.09,101.09,101.09
4.2.1. 소비자물가지수,휴대전화기,2020=100,10.4,원자료,99.63,99.63,99.63,99.64,99.64,99.64,99.64,99.64,99.64,99.64,101.09,101.09,101.09
4.2.1. 소비자물가지수,전화 및 팩스 서비스,2020=100,36.1,원자료,101.79,101.79,101.79,101.8,101.79,101.78,101.78,101.8,84.17,101.83,101.85,101.85,101.88
4.2.1. 소비자물가지수,전화 및 팩스 서비스,2020=100,36.1,원자료,101.79,101.79,101.79,101.8,101.79,101.78,101.78,101.8,84.17,101.83,101.85,101.85,101.88
4.2.1. 소비자물가지수,유선전화료,2020=100,0.4,원자료,100.24,100.24,100.24,100.24,100.24,100.24,100.24,100.3,100.3,100.37,100.37,100.37,100.37
4.2.1. 소비자물가지수,휴대전화료,2020=100,29.8,원자료,101.93,101.93,101.93,101.94,101.93,101.92,101.92,101.94,80.52,101.98,102,102,102.03
4.2.1. 소비자물가지수,인터넷이용료,2020=100,5.5,원자료,100.62,100.62,100.62,100.62,100.62,100.62,100.62,100.62,100.62,100.62,100.62,100.62,100.62
4.2.1. 소비자물가지수,휴대전화기수리비,2020=100,0.4,원자료,106.34,106.34,106.34,106.34,106.34,106.34,106.34,106.34,106.34,106.34,106.34,106.75,106.75
4.2.1. 소비자물가지수,오락 및 문화,2020=100,62.9,원자료,108.66,109.63,108.89,108.99,109.86,110.14,109.49,110.16,110.38,109.58,110.99,109.66,109.93
4.2.1. 소비자물가지수,"음향, 영상, 사진 및 정보처리 장비",2020=100,7.9,원자료,98.25,98.03,98.2,99.1,99.39,99.76,99.34,99.9,99.27,99.46,99.57,100.19,100.22
4.2.1. 소비자물가지수,영상·음향기기,2020=100,2.8,원자료,90.8,91.32,90.27,89.8,89.23,89.81,88.14,90.1,87.93,89.6,89.2,89.44,88.22
4.2.1. 소비자물가지수,TV,2020=100,1.9,원자료,88.4,88.87,87.51,86.58,85.87,86.69,85.16,87.72,84.78,86.65,85.95,84,82.2
4.2.1. 소비자물가지수,영상음향기기,2020=100,0.9,원자료,96.82,97.43,97.07,97.61,97.33,97.4,95.42,96.03,95.57,96.8,97.09,102.1,102.16
4.2.1. 소비자물가지수,정보처리기기·소모품,2020=100,5.1,원자료,102.3,101.68,102.51,104.17,104.93,105.19,105.44,105.24,105.44,104.84,105.21,106.05,106.77
4.2.1. 소비자물가지수,컴퓨터,2020=100,3,원자료,91.41,90.76,92.08,92.91,93.58,93.74,93.98,93.71,94.04,92.96,92.92,93.92,95.11
4.2.1. 소비자물가지수,컴퓨터수리비,2020=100,0.1,원자료,165.07,165.07,165.07,165.07,171.91,171.91,178.77,178.77,178.77,171.91,171.91,171.91,171.91
4.2.1. 소비자물가지수,휴대용멀티미디어기기,2020=100,1.2,원자료,117.18,117.18,117.18,122.31,122.31,122.31,122.31,122.31,122.31,122.31,124.06,124.06,124.06
4.2.1. 소비자물가지수,컴퓨터소모품,2020=100,0.7,원자료,118.4,116.66,116.97,116.92,116.92,118.2,118.14,117.85,117.85,119.06,119.06,120.89,120.89
4.2.1. 소비자물가지수,저장장치,2020=100,0.1,원자료,131.5,131.24,131.34,131.23,144.31,143.83,143.84,143.74,144.27,144.27,144.31,144.31,144.31
4.2.1. 소비자물가지수,기타 오락 및 문화용 주요 내구재,2020=100,1.4,원자료,109.4,108.65,109.17,108.59,108.49,108.93,109.21,107.9,107.28,106.69,106.73,106.97,106.81
4.2.1. 소비자물가지수,기타 오락 및 문화용 주요 내구재,2020=100,1.4,원자료,109.4,108.65,109.17,108.59,108.49,108.93,109.21,107.9,107.28,106.69,106.73,106.97,106.81
4.2.1. 소비자물가지수,악기,2020=100,0.3,원자료,104.56,104.61,104.67,104.59,104.8,104.82,105.29,105.41,105.2,105.13,105.27,105.52,105.44
4.2.1. 소비자물가지수,헬스기구,2020=100,1.1,원자료,109.91,108.96,109.6,108.89,108.72,109.26,109.49,107.8,107.08,106.36,106.38,106.6,106.43
4.2.1. 소비자물가지수,"기타 오락용품, 조경용품 및 애완동물",2020=100,13.6,원자료,109.26,110.56,110.77,110.65,110.69,111.15,109.82,110.3,110.34,110.44,109.88,110.33,110.56
4.2.1. 소비자물가지수,"기타 오락용품, 조경용품 및 애완동물",2020=100,13.6,원자료,109.26,110.56,110.77,110.65,110.69,111.15,109.82,110.3,110.34,110.44,109.88,110.33,110.56
4.2.1. 소비자물가지수,장난감,2020=100,2.9,원자료,98.26,100.84,101.15,100.82,101.38,101.11,100.46,101.23,101.33,101.19,101.17,100.23,99.46
4.2.1. 소비자물가지수,레저용품,2020=100,1.6,원자료,109.23,109.45,112.81,112.89,112.9,113.04,113.05,113.02,112.91,113,109.68,109.75,109.82
4.2.1. 소비자물가지수,운동용품,2020=100,2.1,원자료,96.35,96.4,95.94,94.1,92.83,93.54,93.54,95.03,94.77,94.55,92.26,92.1,91.72
4.2.1. 소비자물가지수,화초,2020=100,0.7,원자료,146.77,157.04,158.29,148.43,136.01,149.79,129.7,128.27,127.52,132.22,138.86,145.27,154.1
4.2.1. 소비자물가지수,원예용품,2020=100,0.4,원자료,116.38,116.33,116.37,116.8,117.35,117.37,117.37,117.35,117.73,118.17,118.17,118.39,118.39
4.2.1. 소비자물가지수,반려동물용품,2020=100,3.3,원자료,118.04,118.59,117.37,119.69,122.05,121.24,119.72,120.07,120.43,120.18,119.8,121.43,121.7
4.2.1. 소비자물가지수,반려동물관리비,2020=100,2.6,원자료,111.26,111.87,112.17,112.72,113.1,113.06,113.21,113.45,113.5,113.52,113.58,113.63,113.68
4.2.1. 소비자물가지수,오락 및 문화 서비스,2020=100,27.1,원자료,110.64,110.72,110.89,111.07,111.03,111.35,111.71,112.17,112.3,111.84,111.64,111.73,111.68
4.2.1. 소비자물가지수,오락 및 스포츠 서비스,2020=100,11,원자료,112.39,112.38,112.65,113.06,113.14,113.19,113.92,115,115.14,113.73,113.52,113.39,113.24
4.2.1. 소비자물가지수,수영장이용료,2020=100,0.2,원자료,110.92,111.15,111.45,111.64,111.99,111.99,112.49,112.76,113.1,113.1,113.1,113.1,113.1
4.2.1. 소비자물가지수,볼링장이용료,2020=100,0.2,원자료,107.52,108.01,108.07,108.16,108.25,108.29,108.29,107.73,108.38,108.44,108.64,108.68,108.82
4.2.1. 소비자물가지수,헬스클럽이용료,2020=100,1.5,원자료,107.65,107.94,108.46,108.44,108.23,108.23,108.25,108.09,107.99,108.1,108.15,108.27,108.26
4.2.1. 소비자물가지수,골프연습장이용료,2020=100,2.3,원자료,104.99,105.02,105.23,104.98,105.03,104.99,104.98,104.96,104.95,104.62,104.68,104.69,104.65
4.2.1. 소비자물가지수,골프장이용료,2020=100,3,원자료,118.17,117.7,117.69,118.96,119.2,119.2,119.51,118.46,118.36,119.78,119.78,119.78,118.71
4.2.1. 소비자물가지수,당구장이용료,2020=100,0.5,원자료,107.32,107.32,107.41,107.67,107.94,107.94,107.51,107.62,107.89,107.95,108,108.06,108.06
4.2.1. 소비자물가지수,노래방이용료,2020=100,0.5,원자료,121.26,121.29,121.41,122.01,122.22,122.63,122.83,122.83,122.91,122.91,122.91,122.91,122.91
4.2.1. 소비자물가지수,PC방이용료,2020=100,0.3,원자료,114.39,115.11,115.4,115.12,114.36,113.94,114.07,114.31,114.72,115.03,115.36,115.55,115.4
4.2.1. 소비자물가지수,놀이시설이용료,2020=100,2.3,원자료,115.95,116.06,116.54,116.88,116.9,117.12,120.24,126.91,127.52,119.15,117.76,116.91,117.6
4.2.1. 소비자물가지수,운동경기관람료,2020=100,0.2,원자료,122.22,122.64,124.27,125.48,126.89,126.89,127.23,127.32,127.32,126.98,129.4,129.88,129.88
4.2.1. 소비자물가지수,문화 서비스,2020=100,16.1,원자료,109.61,109.76,109.86,109.91,109.78,110.3,110.39,110.43,110.57,110.74,110.52,110.78,110.79
4.2.1. 소비자물가지수,영화관람료,2020=100,1,원자료,128.81,128.81,128.81,128.81,128.81,128.81,128.81,128.81,128.81,128.81,128.81,128.81,128.81
4.2.1. 소비자물가지수,공연예술관람료,2020=100,0.7,원자료,113.19,115.95,117.09,117.09,112.39,112.39,112.39,112.39,112.39,112.39,112.39,112.39,112.39
4.2.1. 소비자물가지수,관람시설이용료,2020=100,0.6,원자료,109.95,110.53,110.53,110.53,111.14,111.14,110.31,111.14,111.14,111.19,111.19,111.19,111.35
4.2.1. 소비자물가지수,독서실비,2020=100,0.8,원자료,99.92,100.12,100.46,100.3,99.8,99.92,99.85,99.6,99.35,99.46,99.57,99.68,99.75
4.2.1. 소비자물가지수,문화강습료,2020=100,0.9,원자료,113.91,114.19,114.35,115.49,115.62,115.7,115.82,115.89,115.95,116.33,116.33,116.44,116.43
4.2.1. 소비자물가지수,온라인콘텐츠이용료,2020=100,8,원자료,110.33,110.33,110.33,110.33,110.33,111.33,111.47,111.47,111.47,111.47,111.47,111.47,111.47
4.2.1. 소비자물가지수,방송수신료,2020=100,2.4,원자료,100.93,100.78,100.78,100.76,100.76,100.76,100.88,100.88,100.88,100.88,100.88,100.88,100.88
4.2.1. 소비자물가지수,사진서비스료,2020=100,1.7,원자료,116.49,116.5,116.68,116.71,117.49,117.5,117.8,118.04,119.46,120.82,118.72,121.14,121.16
4.2.1. 소비자물가지수,"신문, 서적 및 문방구",2020=100,5.4,원자료,110.98,111.04,111.28,111.34,111.45,111.5,111.35,111.77,111.85,112.28,112.32,112.33,113.45
4.2.1. 소비자물가지수,서적,2020=100,3.8,원자료,108.27,108.27,108.59,108.74,108.71,108.72,108.72,109.16,109.16,109.72,109.72,109.72,111.41
4.2.1. 소비자물가지수,유아용학습교재,2020=100,0.3,원자료,112.36,112.36,112.36,112.36,112.36,112.36,112.36,112.36,112.36,115.38,115.38,115.38,115.38
4.2.1. 소비자물가지수,초등학교학습서,2020=100,0.6,원자료,109.09,109.09,109.09,109.09,109.09,109.09,109.09,109.09,109.09,109.09,109.09,109.09,109.63
4.2.1. 소비자물가지수,중학교학습서,2020=100,0.6,원자료,102.68,102.68,102.68,102.68,102.68,102.68,102.68,102.68,102.68,103.72,103.72,103.72,113.67
4.2.1. 소비자물가지수,고등학교학습서,2020=100,0.6,원자료,130.53,130.53,132.66,132.66,132.66,132.66,132.66,135.49,135.49,136.54,136.54,136.54,136.66
4.2.1. 소비자물가지수,대학교재,2020=100,0.2,원자료,101.29,101.29,101.29,104,103.42,103.7,103.7,104,104,103.7,103.7,103.7,103.7
4.2.1. 소비자물가지수,서적,2020=100,1.5,원자료,101.88,101.88,101.88,101.88,101.88,101.88,101.88,101.88,101.88,101.88,101.88,101.88,101.88
4.2.1. 소비자물가지수,신문 및 정기 간행물,2020=100,0.4,원자료,120.37,120.37,120.37,120.37,120.37,120.37,120.37,120.37,120.37,120.37,120.37,120.37,120.37
4.2.1. 소비자물가지수,신문,2020=100,0.4,원자료,120.37,120.37,120.37,120.37,120.37,120.37,120.37,120.37,120.37,120.37,120.37,120.37,120.37
4.2.1. 소비자물가지수,문방구,2020=100,1.2,원자료,117.64,117.94,117.98,117.79,118.39,118.54,117.85,118.38,118.7,118.9,119.07,119.13,118.76
4.2.1. 소비자물가지수,종이문구,2020=100,0.5,원자료,118.95,118.93,119.03,119.29,119.62,119.92,118.22,118.96,119.45,119.92,120.5,120.54,121
4.2.1. 소비자물가지수,기타문구,2020=100,0.1,원자료,126.58,126.53,126.8,126.76,127.58,127.64,126.36,127.64,127.63,127.62,127.63,125.45,125.07
4.2.1. 소비자물가지수,필기구,2020=100,0.4,원자료,114.44,115.45,115.58,115.36,115.57,115.8,115.85,115.98,116.14,116.07,115.74,116.41,114.88
4.2.1. 소비자물가지수,회화용구,2020=100,0.2,원자료,116.27,116.11,115.68,114.41,116.32,116.06,116.61,117.02,117.44,117.58,117.88,117.73,117.73
4.2.1. 소비자물가지수,단체여행,2020=100,7.5,원자료,115.54,121.9,113.65,112.94,120.53,120.4,116.34,118.96,121.09,115.08,129.5,115.41,116.69
4.2.1. 소비자물가지수,단체여행,2020=100,7.5,원자료,115.54,121.9,113.65,112.94,120.53,120.4,116.34,118.96,121.09,115.08,129.5,115.41,116.69
4.2.1. 소비자물가지수,국내단체여행비,2020=100,2,원자료,116.77,122.44,115.77,109.81,120.43,125.15,117,122.85,129.24,111.83,125.69,115.6,115.7
4.2.1. 소비자물가지수,해외단체여행비,2020=100,5.5,원자료,109.97,116.26,107.91,108.78,115.14,113.59,110.9,112.47,113.24,110.85,124.79,110.17,111.74
4.2.1. 소비자물가지수,교육,2020=100,73.9,원자료,106.74,107.17,107.26,108.45,108.67,108.74,108.85,108.9,108.93,108.61,108.5,108.44,108.48
4.2.1. 소비자물가지수,유치원 및 초등교육,2020=100,1.8,원자료,65.05,65.05,65.05,67.77,67.77,67.77,67.77,67.62,66.87,54.31,50.11,47.76,47.76
4.2.1. 소비자물가지수,유치원 및 초등교육,2020=100,1.8,원자료,65.05,65.05,65.05,67.77,67.77,67.77,67.77,67.62,66.87,54.31,50.11,47.76,47.76
4.2.1. 소비자물가지수,유치원납입금,2020=100,1.8,원자료,65.05,65.05,65.05,67.77,67.77,67.77,67.77,67.62,66.87,54.31,50.11,47.76,47.76
4.2.1. 소비자물가지수,고등교육,2020=100,13.1,원자료,100.52,100.52,100.52,104.86,104.86,104.86,104.86,104.86,104.86,104.93,104.93,104.93,104.93
4.2.1. 소비자물가지수,고등교육,2020=100,13.1,원자료,100.52,100.52,100.52,104.86,104.86,104.86,104.86,104.86,104.86,104.93,104.93,104.93,104.93
4.2.1. 소비자물가지수,전문대학납입금,2020=100,1.1,원자료,101.7,101.7,101.7,105.64,105.64,105.64,105.64,105.64,105.64,105.64,105.64,105.64,105.64
4.2.1. 소비자물가지수,국공립대학교납입금,2020=100,1.4,원자료,100.67,100.67,100.67,101.63,101.63,101.63,101.63,101.63,101.63,101.63,101.63,101.63,101.63
4.2.1. 소비자물가지수,사립대학교납입금,2020=100,8.6,원자료,99.73,99.73,99.73,104.9,104.9,104.9,104.9,104.9,104.9,104.97,104.97,104.97,104.97
4.2.1. 소비자물가지수,국공립대학원납입금,2020=100,0.4,원자료,104.12,104.12,104.12,106.55,106.55,106.55,106.55,106.55,106.55,106.55,106.55,106.55,106.55
4.2.1. 소비자물가지수,사립대학원납입금,2020=100,1.6,원자료,103.14,103.14,103.14,106.6,106.6,106.6,106.6,106.6,106.6,106.8,106.8,106.8,106.8
4.2.1. 소비자물가지수,기타교육,2020=100,59,원자료,109.95,110.49,110.61,111.03,111.3,111.39,111.54,111.6,111.66,111.76,111.8,111.82,111.87
4.2.1. 소비자물가지수,학원 및 보습교육,2020=100,52.8,원자료,110.11,110.67,110.79,111.24,111.52,111.61,111.69,111.74,111.81,111.9,111.95,111.96,112.02
4.2.1. 소비자물가지수,초등학생학원비,2020=100,7.6,원자료,108.96,109.49,109.73,109.87,110.12,110.21,110.23,110.37,110.48,110.56,110.58,110.59,110.67
4.2.1. 소비자물가지수,중학생학원비,2020=100,13.8,원자료,108.42,108.62,108.69,109.08,109.33,109.36,109.45,109.52,109.62,109.66,109.68,109.78,109.93
4.2.1. 소비자물가지수,고등학생학원비,2020=100,13.8,원자료,106.77,107.2,107.29,107.46,107.78,107.74,107.76,107.78,107.78,107.85,107.88,108,107.99
4.2.1. 소비자물가지수,음악학원비,2020=100,3,원자료,115.22,115.6,115.85,116.44,117.13,117.26,117.45,117.5,117.55,117.77,117.89,117.89,117.95
4.2.1. 소비자물가지수,미술학원비,2020=100,2.6,원자료,116.48,117.41,117.5,118.31,118.53,118.76,118.92,118.9,119.01,119.31,119.43,119.45,119.48
4.2.1. 소비자물가지수,운동학원비,2020=100,5.7,원자료,117.43,119.15,119.42,120.4,120.93,121.47,121.66,121.72,121.84,121.97,122.08,122.11,122.24
4.2.1. 소비자물가지수,전산학원비,2020=100,0.5,원자료,111.31,111.77,111.85,112.09,112.48,112.79,113.16,113.29,113.49,113.62,113.73,113.77,113.95
4.2.1. 소비자물가지수,가정학습지,2020=100,3.5,원자료,117.84,117.84,117.84,117.84,117.84,117.84,117.84,117.84,117.84,117.84,117.84,117.84,117.84
4.2.1. 소비자물가지수,이러닝이용료,2020=100,0.7,원자료,98.57,107.81,107.81,107.81,107.81,107.81,107.81,107.81,107.81,107.81,107.81,107.81,107.81
4.2.1. 소비자물가지수,학교보충교육비,2020=100,1.4,원자료,104.2,102.53,102.51,106.26,105.8,105.86,106.24,106.24,106.2,106.5,106.63,104.96,104.43
4.2.1. 소비자물가지수,기타학원비,2020=100,0.2,원자료,107.15,107.29,107.25,107.58,107.66,107.82,107.82,107.79,108.02,108.16,108.28,108.28,108.36
4.2.1. 소비자물가지수,성인학원 및 기타교육,2020=100,6.2,원자료,108.05,108.48,108.62,108.71,108.87,108.99,109.66,109.81,109.88,110,110.03,110.02,110.09
4.2.1. 소비자물가지수,취업학원비,2020=100,2,원자료,107.82,108.24,108.45,108.14,108.3,108.61,109.69,109.54,109.54,109.89,109.92,109.88,109.94
4.2.1. 소비자물가지수,외국어학원비,2020=100,0.5,원자료,111.87,112.42,112.86,113.25,113.36,113.62,113.77,113.93,113.91,114.01,114.02,114.07,114.15
4.2.1. 소비자물가지수,운동강습료,2020=100,3.7,원자료,107.58,107.99,108.05,108.32,108.47,108.47,109,109.31,109.43,109.43,109.47,109.47,109.53
4.2.1. 소비자물가지수,음식 및 숙박,2020=100,144.7,원자료,122.18,122.65,122.86,123.38,123.99,124.35,124.39,125.15,125.46,125.05,125.52,125.4,125.84
4.2.1. 소비자물가지수,음식 서비스,2020=100,138,원자료,122.45,122.89,123.41,123.8,124.36,124.56,124.79,125.08,125.08,125.42,125.49,125.7,126.05
4.2.1. 소비자물가지수,음식 서비스,2020=100,138,원자료,122.45,122.89,123.41,123.8,124.36,124.56,124.79,125.08,125.08,125.42,125.49,125.7,126.05
4.2.1. 소비자물가지수,김치찌개백반,2020=100,4.8,원자료,124.03,124.71,125.64,126.11,126.69,126.77,127,127.43,127.64,127.72,128.16,128.49,128.63
4.2.1. 소비자물가지수,된장찌개백반,2020=100,4.3,원자료,123.1,123.84,124.36,124.87,125.36,125.59,125.59,125.94,126.24,126.32,126.54,126.85,127.13
4.2.1. 소비자물가지수,비빔밥,2020=100,2.4,원자료,125.77,126.36,126.89,127.6,128.1,128.23,128.32,128.52,128.7,129.66,130.04,130.37,130.46
4.2.1. 소비자물가지수,설렁탕,2020=100,2,원자료,125.81,126.51,126.83,127.18,127.46,127.67,127.87,128.12,128.19,128.51,128.83,128.96,129.25
4.2.1. 소비자물가지수,갈비탕,2020=100,2.2,원자료,129.16,129.44,129.78,130.47,131.12,131.24,131.52,132.07,132.66,132.64,132.93,133.13,133.71
4.2.1. 소비자물가지수,삼계탕,2020=100,2.2,원자료,120.48,120.68,120.94,121.19,121.83,122.27,122.56,123.12,123.6,123.78,123.83,123.85,123.96
4.2.1. 소비자물가지수,해물찜,2020=100,4.1,원자료,113.72,114.3,114.83,115.16,115.16,115.34,115.39,115.49,115.6,115.65,115.87,116.09,116.52
4.2.1. 소비자물가지수,해장국,2020=100,5,원자료,126.2,126.55,127.08,128.74,129.44,129.54,129.54,129.68,130.07,130.2,130.75,131.17,131.56
4.2.1. 소비자물가지수,불고기,2020=100,1.1,원자료,120.19,120.38,120.72,121.22,121.66,121.77,122,122.25,122.3,122.45,122.56,123.12,123.47
4.2.1. 소비자물가지수,쇠고기(외식),2020=100,8.3,원자료,119.58,119.82,119.9,119.67,120.11,120.15,120.03,120.5,120.35,120.5,120.55,120.73,121.24
4.2.1. 소비자물가지수,돼지갈비(외식),2020=100,6.1,원자료,122.67,122.92,123.01,123.36,123.42,123.47,123.65,124.34,124.35,124.31,124.56,125,125.23
4.2.1. 소비자물가지수,삼겹살(외식),2020=100,7.2,원자료,121.13,121.59,121.73,121.87,121.87,121.79,121.89,122.49,122.66,122.9,122.99,123.41,123.55
4.2.1. 소비자물가지수,오리고기(외식),2020=100,1.5,원자료,121.83,121.91,122.21,122.57,123.09,123.17,123.46,123.8,124.06,124.14,124.16,123.48,124.33
4.2.1. 소비자물가지수,냉면,2020=100,2.4,원자료,125.1,125.43,125.8,126.43,126.82,127.01,127.29,127.83,128.19,128.36,128.43,128.55,128.83
4.2.1. 소비자물가지수,칼국수,2020=100,2.7,원자료,126.88,127.7,127.93,128.16,128.76,129.12,129.42,129.61,129.81,130.07,130.43,130.85,131.37
4.2.1. 소비자물가지수,죽(외식),2020=100,1.7,원자료,118.48,118.48,122.68,122.68,122.68,122.68,122.68,122.68,122.68,125.76,125.76,125.76,125.76
4.2.1. 소비자물가지수,생선초밥,2020=100,2.7,원자료,116.09,116.47,116.79,117.52,117.83,117.48,117.74,118.18,118.16,118.55,118.71,118.88,118.98
4.2.1. 소비자물가지수,생선회(외식),2020=100,10.3,원자료,130.68,131.35,132.2,132.5,132.95,133.34,133.81,134.16,134.07,134.8,135.13,135.59,136.13
4.2.1. 소비자물가지수,자장면,2020=100,2.2,원자료,128.79,129.86,130.65,131.34,131.71,133.4,133.59,133.99,134.63,134.99,135.53,136.06,136.47
4.2.1. 소비자물가지수,짬뽕,2020=100,2.4,원자료,125.42,126.29,126.98,127.74,128.27,129.33,129.56,129.78,130.22,130.47,131.02,131.27,131.57
4.2.1. 소비자물가지수,탕수육,2020=100,2.1,원자료,119.2,120.07,120.59,120.8,121.12,121.2,121.35,121.7,122.03,122.26,122.49,122.69,122.74
4.2.1. 소비자물가지수,볶음밥,2020=100,0.9,원자료,125.04,125.92,126.53,127.19,127.54,128.41,128.54,128.88,129.32,129.64,129.91,130.15,130.47
4.2.1. 소비자물가지수,돈가스,2020=100,2.2,원자료,125.36,126.13,126.98,127.68,128.4,129.22,129.41,129.69,130.05,130.08,129.97,129.92,130.16
4.2.1. 소비자물가지수,스테이크,2020=100,1.5,원자료,116.94,117.02,117.65,117.58,117.84,118.19,118.21,118.3,118.25,118.25,119.14,119.86,120.09
4.2.1. 소비자물가지수,스파게티,2020=100,1.5,원자료,116.34,116.46,116.87,117.03,117.09,117.36,118.19,118.21,118.66,119.01,119.36,119.44,119.96
4.2.1. 소비자물가지수,라면(외식),2020=100,0.7,원자료,128.66,129.1,129.72,130.14,131.34,131.7,131.86,132.17,132.17,132.48,132.62,132.85,133.05
4.2.1. 소비자물가지수,김밥,2020=100,3.4,원자료,135.14,135.78,136.34,137.19,137.8,138.04,138.13,138.61,138.74,139.02,139.32,139.88,140.25
4.2.1. 소비자물가지수,떡볶이,2020=100,3.1,원자료,132.33,132.64,133.59,133.96,134.59,134.69,134.92,135.09,135.37,135.76,136.07,136.29,136.87
4.2.1. 소비자물가지수,치킨,2020=100,8.6,원자료,126.34,127.32,127.53,127.98,128.31,128.21,128.72,129.36,129.65,130.01,130,130.15,129.4
4.2.1. 소비자물가지수,햄버거,2020=100,4.3,원자료,133.82,133.82,134.08,134.08,137.2,137.2,137.2,137.2,131.94,137.2,132.48,132.48,137.2
4.2.1. 소비자물가지수,피자,2020=100,4.1,원자료,118.78,118.78,118.78,118.78,118.78,119.31,119.57,119.57,119.57,119.68,119.68,119.68,119.68
4.2.1. 소비자물가지수,쌀국수,2020=100,0.6,원자료,122.32,122.61,123.24,123.87,124.71,124.84,125.07,125.5,125.94,126.34,126.76,127.32,127.96
4.2.1. 소비자물가지수,커피(외식),2020=100,8.8,원자료,106.79,106.79,108.35,108.6,110.37,110.42,111.42,111.43,111.43,111.43,111.43,111.43,111.43
4.2.1. 소비자물가지수,기타음료(외식),2020=100,0.5,원자료,105.62,105.62,106.48,106.7,107.32,107.32,107.32,107.34,107.34,107.34,107.34,107.34,107.34
4.2.1. 소비자물가지수,소주(외식),2020=100,2.5,원자료,114.78,115.13,115.13,115.13,115.68,115.75,115.75,115.82,115.87,115.24,115.65,115.8,116.27
4.2.1. 소비자물가지수,맥주(외식),2020=100,4.8,원자료,117.33,117.39,117.44,117.58,118.55,118.64,118.71,118.75,118.83,118.42,118.67,118.79,118.79
4.2.1. 소비자물가지수,막걸리(외식),2020=100,0.3,원자료,119.52,119.52,119.78,120.11,120.44,120.5,120.5,120.5,120.82,120.18,120.18,120.18,120.01
4.2.1. 소비자물가지수,구내식당식사비,2020=100,11.9,원자료,121.95,122.53,122.77,123.45,123.71,124.07,124.11,124.19,124.44,124.29,124.29,124.29,124.6
4.2.1. 소비자물가지수,도시락,2020=100,0.6,원자료,132.88,132.88,132.88,132.88,132.88,132.88,132.88,132.88,134.34,134.34,139.23,139.23,139.23
4.2.1. 소비자물가지수,숙박 서비스,2020=100,6.7,원자료,115.52,116.37,110.54,113.69,114.9,118.59,114.99,124.79,131.41,116.08,124.69,117.84,119.98
4.2.1. 소비자물가지수,숙박 서비스,2020=100,6.7,원자료,115.52,116.37,110.54,113.69,114.9,118.59,114.99,124.79,131.41,116.08,124.69,117.84,119.98
4.2.1. 소비자물가지수,호텔숙박료,2020=100,2.1,원자료,123.93,117.81,108.13,116.16,122.2,126.56,119.69,127.96,135.14,125.29,138.75,129.53,128.78
4.2.1. 소비자물가지수,여관숙박료,2020=100,1.5,원자료,108.06,107.8,107.92,107.84,107.28,108.43,108.18,108.67,108.99,108.74,109.44,108.59,108.3
4.2.1. 소비자물가지수,콘도이용료,2020=100,0.8,원자료,121.56,143.4,127.44,124.66,123.91,133.89,123.95,153.79,173.07,117.02,138.58,123.35,139.94
4.2.1. 소비자물가지수,학교기숙사비,2020=100,0.9,원자료,110.82,110.82,110.82,114.98,114.98,114.98,114.98,114.98,114.98,115.38,115.38,115.38,115.38
4.2.1. 소비자물가지수,휴양시설이용료,2020=100,1.4,원자료,110.01,110.45,105.8,108.22,106.24,110.5,109.39,126.59,136.31,109.65,117.96,108.29,110.18
4.2.1. 소비자물가지수,기타 상품 및 서비스,2020=100,52.7,원자료,119.71,123,123.07,123.52,124.98,124.94,124.93,124.98,124.93,125.17,125.26,125.23,125.57
4.2.1. 소비자물가지수,미용용품 및 미용 서비스,2020=100,25.9,원자료,117.62,117.91,117.77,118.78,120.05,119.79,119.76,119.81,119.7,120.15,120.31,120.34,120.55
4.2.1. 소비자물가지수,이미용 및 미용시설,2020=100,11,원자료,117.68,118.58,119.22,119.83,120.12,120.13,120.16,120.34,120.46,120.51,120.6,120.93,121.1
4.2.1. 소비자물가지수,목욕료,2020=100,0.6,원자료,132.17,132.87,133.26,134.13,134.23,134.23,134.23,134.47,134.53,134.36,135,135.25,135.9
4.2.1. 소비자물가지수,찜질방이용료,2020=100,0.6,원자료,129.42,130.65,131.24,131.77,131.82,131.77,131.77,132.29,132.33,132.44,132.55,132.75,132.74
4.2.1. 소비자물가지수,이발료,2020=100,0.3,원자료,115.16,115.21,115.66,116.13,116.83,116.68,116.68,116.68,116.75,117.3,117.84,118.35,118.52
4.2.1. 소비자물가지수,미용료,2020=100,7.3,원자료,115.73,116.75,117.47,118.24,118.5,118.52,118.52,118.73,118.73,118.79,118.83,119.1,119.27
4.2.1. 소비자물가지수,뷰티미용료,2020=100,2.2,원자료,117.01,117.57,118,118.06,118.53,118.53,118.66,118.7,119.21,119.23,119.3,119.87,119.96
4.2.1. 소비자물가지수,개인용 전기용품 및 미용용품,2020=100,14.9,원자료,117.44,117.29,116.55,117.86,119.87,119.4,119.33,119.28,119,119.74,119.97,119.77,120
4.2.1. 소비자물가지수,면도기,2020=100,0.4,원자료,118.98,118.52,126.29,118.48,118.52,119.43,114.79,128.65,125.42,123.87,122.99,123.01,126.74
4.2.1. 소비자물가지수,헤어드라이어,2020=100,0.7,원자료,108.42,110.94,116.73,111.19,129.58,115.92,110.76,111.75,113.12,115.34,113.89,114.4,112.58
4.2.1. 소비자물가지수,칫솔,2020=100,0.4,원자료,105.1,104.47,103,104.68,105.09,101.66,103.64,103.12,99.08,102.46,104.15,100.79,104.19
4.2.1. 소비자물가지수,치약,2020=100,0.5,원자료,107.02,109.3,100.67,107.72,109.2,109.99,113.41,112.21,115.3,120.35,117.32,116.85,117.36
4.2.1. 소비자물가지수,비누,2020=100,0.3,원자료,133.24,136.15,140.42,136.58,138.43,136.69,136.09,137.58,133.97,133.97,133.84,136.94,137.15
4.2.1. 소비자물가지수,샴푸,2020=100,1,원자료,146.5,143.21,142.26,140.02,143.93,145.79,142.98,140.96,142.02,145.81,143.32,142.32,143.12
4.2.1. 소비자물가지수,바디워시,2020=100,0.5,원자료,110.61,111.96,109.26,109.33,108.73,112.41,114.14,105.98,113.89,116.02,121.49,120.4,119.53
4.2.1. 소비자물가지수,화장지,2020=100,1.3,원자료,118.73,118.37,119.46,122.44,122.22,121.76,123.15,121.86,122.69,121.81,121.36,120.15,119.82
4.2.1. 소비자물가지수,기초화장품,2020=100,4.5,원자료,102.19,99.98,99.88,104.54,106.33,106.58,107.84,107.29,107.39,106.93,109.1,108.19,108.75
4.2.1. 소비자물가지수,기능성화장품,2020=100,3.7,원자료,131.52,131.75,131.16,131.28,130.97,131.29,131.7,131.78,130.97,131.13,130.17,130.05,130.32
4.2.1. 소비자물가지수,색조화장품,2020=100,0.7,원자료,108.23,109.64,109.53,108.21,108.91,108.71,109.2,109.49,108.82,108.55,108.58,108.87,108.98
4.2.1. 소비자물가지수,모발염색약,2020=100,0.7,원자료,127.86,134.68,121.35,119.18,126.69,124.18,115.42,119.97,113.97,117.5,118.92,123.96,122.6
4.2.1. 소비자물가지수,구강세정제,2020=100,0.2,원자료,116.28,122.19,117.62,121.43,120.34,119.4,120.36,119.88,112.41,120.29,111.44,119.02,112.97
4.2.1. 소비자물가지수,기타 개인용품,2020=100,7,원자료,111.03,111.91,112.1,112.11,112.13,112.76,112.76,112.78,112.93,112.93,112.93,112.64,114.26
4.2.1. 소비자물가지수,기타 개인용품,2020=100,7,원자료,111.03,111.91,112.1,112.11,112.13,112.76,112.76,112.78,112.93,112.93,112.93,112.64,114.26
4.2.1. 소비자물가지수,손목시계,2020=100,0.6,원자료,122.94,122.94,122.94,122.94,122.94,129.86,129.86,129.86,129.86,129.86,129.86,136.79,136.79
4.2.1. 소비자물가지수,장신구,2020=100,1,원자료,108.63,114.86,116.14,116.14,116.14,116.14,116.14,116.14,117.06,117.06,117.06,117.06,117.06
4.2.1. 소비자물가지수,가방,2020=100,2.7,원자료,108.07,108.07,108.07,108.07,108.07,108.07,108.07,108.07,108.07,108.07,108.07,108.07,110.94
4.2.1. 소비자물가지수,핸드백,2020=100,1.4,원자료,112.62,112.62,112.62,112.62,112.62,112.62,112.62,112.62,112.62,112.62,112.62,108.06,110.52
4.2.1. 소비자물가지수,우산,2020=100,0.2,원자료,106.48,105.5,106.57,106.7,106.59,106.77,106.41,106.85,106.98,106.95,106.95,106.89,106.69
4.2.1. 소비자물가지수,유모차,2020=100,0.2,원자료,105.62,105.62,104.51,104.51,104.51,106.79,106.79,106.79,106.79,106.79,106.36,106.79,106.79
4.2.1. 소비자물가지수,선글라스,2020=100,0.4,원자료,100.11,99.98,100.14,100.24,100.65,100.6,100.72,100.89,101.14,101.21,101.4,101.62,101.66
4.2.1. 소비자물가지수,지갑,2020=100,0.5,원자료,122.69,122.69,122.69,122.69,122.69,122.69,122.69,122.69,122.69,122.69,122.69,122.69,122.69
4.2.1. 소비자물가지수,기타서비스,2020=100,19.8,원자료,125.14,133.32,133.61,133.51,135.73,135.74,135.76,135.77,135.76,135.82,135.82,135.84,135.86
4.2.1. 소비자물가지수,기타서비스,2020=100,19.8,원자료,125.14,133.32,133.61,133.51,135.73,135.74,135.76,135.77,135.76,135.82,135.82,135.84,135.86
4.2.1. 소비자물가지수,산후조리원이용료,2020=100,0.7,원자료,117.3,118.56,119.08,119.53,120.08,120.43,120.75,121.26,121.61,121.65,121.72,122.08,122.48
4.2.1. 소비자물가지수,보육시설이용료,2020=100,0.7,원자료,88.86,88.86,88.86,85.49,85.49,85.49,85.49,85.45,84.91,84.85,84.78,84.78,84.84
4.2.1. 소비자물가지수,요양시설이용료,2020=100,0.9,원자료,112.87,121.76,121.76,121.76,121.76,121.76,121.76,121.76,121.76,121.76,121.76,121.76,121.76
4.2.1. 소비자물가지수,보험서비스료,2020=100,8.6,원자료,163.55,183.48,184.15,184.15,190.29,190.29,190.29,190.29,190.29,190.29,190.29,190.29,190.29
4.2.1. 소비자물가지수,자동차보험료,2020=100,3.7,원자료,94.45,94.45,94.45,94.45,93.67,93.67,93.67,93.67,93.67,93.67,93.67,93.67,93.67
4.2.1. 소비자물가지수,금융수수료,2020=100,0.2,원자료,100,100,100,100,100,100,100,100,100,100,100,100,100
4.2.1. 소비자물가지수,부동산중개수수료,2020=100,0.8,원자료,92.28,92.28,92.28,92.28,92.28,92.28,92.28,92.28,92.28,92.28,92.28,92.28,92.28
4.2.1. 소비자물가지수,행정수수료,2020=100,1.1,원자료,98.67,98.67,98.67,98.67,98.67,98.67,98.67,98.67,98.67,98.67,98.67,98.67,98.67
4.2.1. 소비자물가지수,대입전형료,2020=100,0.1,원자료,94.03,93.36,93.36,93.36,93.36,93.36,93.36,93.36,93.36,101.14,101.14,101.14,101.14
4.2.1. 소비자물가지수,시험응시료,2020=100,0.4,원자료,116.1,116.1,116.1,116.1,116.1,116.1,116.1,116.1,116.1,116.1,116.1,116.1,116.1
4.2.1. 소비자물가지수,장례비,2020=100,2.6,원자료,108.58,108.89,109,109.08,109.13,109.19,109.19,109.19,109.2,109.27,109.27,109.34,109.35
